sector,esg_score,firm_size_log,media_mentions,employees,revenue_growth,debt_ratio,board_independence,supply_chain_length,prior_controversies,controversy
Industrial,32.8,9.72,14.0,1099.0,-10.05,0.189,1.0,8,2,0
Finance,72.2,9.1,18.0,8803.0,0.03,0.205,0.562,9,3,0
Consumer,60.1,10.0,40.0,444.0,26.25,0.597,0.311,1,5,0
Industrial,48.8,11.2,44.0,8130.0,16.6,0.507,0.824,6,4,1
Tech,64.5,7.11,28.0,8167.0,2.63,0.246,0.692,7,3,0
Utilities,89.1,5.41,48.0,5304.0,9.62,0.491,0.485,3,1,0
Consumer,57.7,8.9,4.0,671.0,-4.01,0.62,0.46,4,1,0
Consumer,58.7,7.56,5.0,4334.0,7.09,0.395,0.701,8,1,0
Industrial,48.1,8.98,9.0,505.0,6.1,0.79,0.563,5,0,0
Mining,42.3,9.7,36.0,2040.0,19.53,0.141,0.311,4,1,0
Tech,67.5,9.09,12.0,13962.0,19.51,0.504,0.868,4,3,0
Industrial,42.2,12.9,17.0,9848.0,12.41,0.575,0.535,5,3,0
Tech,56.1,10.65,26.0,3050.0,-0.44,0.534,0.824,5,0,0
Tech,47.8,10.6,84.0,691.0,16.13,0.369,0.792,4,1,0
Utilities,62.2,11.24,1.0,7851.0,3.62,0.356,0.45,3,2,1
Consumer,60.0,7.72,52.0,3069.0,-11.23,0.467,0.755,6,4,0
Finance,70.6,12.08,55.0,92.0,-1.05,0.522,0.502,8,2,0
Utilities,47.3,9.85,80.0,9643.0,6.27,0.49,0.32,5,1,0
Utilities,51.0,11.34,135.0,2875.0,18.65,0.556,0.536,5,1,0
Tech,40.3,7.86,1.0,18100.0,2.25,0.247,0.66,3,2,0
Pharma,48.3,6.89,8.0,577.0,-13.14,0.366,0.531,5,1,0
Consumer,60.7,11.64,109.0,25.0,5.85,0.259,0.554,5,4,0
Mining,66.4,10.75,31.0,4531.0,6.7,0.342,0.772,10,1,0
Utilities,41.2,8.2,42.0,4616.0,7.79,0.552,0.616,4,1,0
Finance,68.0,8.26,54.0,236.0,18.8,0.416,0.474,4,1,0
Pharma,75.3,12.25,57.0,687.0,20.28,0.791,0.705,9,2,0
Pharma,61.2,7.62,134.0,185874.0,-3.91,0.429,0.63,5,1,0
Mining,83.2,13.29,290.0,1885.0,-4.24,0.409,0.222,4,2,0
Utilities,43.4,8.2,64.0,8923.0,-10.6,0.416,0.664,2,2,0
Finance,36.3,11.28,17.0,1123.0,15.48,0.304,0.659,4,1,0
Consumer,28.3,9.34,106.0,130.0,26.73,0.391,0.603,4,0,1
Energy,77.4,11.21,3.0,2309.0,0.27,0.569,0.734,5,1,0
Finance,64.8,8.91,13.0,2001.0,1.38,0.417,0.499,2,1,0
Mining,54.2,9.67,114.0,1636.0,27.0,0.281,0.65,8,3,0
Pharma,59.2,10.08,15.0,2510.0,12.58,0.261,0.365,3,0,0
Consumer,38.1,8.0,12.0,4431.0,11.54,0.332,0.661,5,2,1
Finance,91.7,11.48,7.0,2380.0,-12.86,0.411,0.893,4,1,0
Energy,56.9,8.97,98.0,448.0,15.18,0.579,0.451,5,1,1
Energy,56.6,9.54,35.0,6181.0,-8.94,0.199,0.486,7,4,0
Tech,65.9,8.01,56.0,160.0,-12.01,0.352,0.493,6,5,0
Tech,62.2,4.88,14.0,138.0,-0.2,0.422,0.619,7,0,0
Industrial,58.4,9.62,71.0,9034.0,-3.79,0.125,0.441,3,1,0
Mining,43.1,14.83,71.0,6377.0,1.68,0.275,0.663,8,0,0
Utilities,62.1,11.57,19.0,2735.0,-16.61,0.298,0.727,3,2,1
Finance,83.2,9.96,26.0,368.0,19.38,0.281,0.68,6,1,0
Finance,75.2,9.47,12.0,1031.0,21.92,0.429,0.335,6,0,0
Utilities,78.9,10.04,188.0,2010.0,-24.21,0.376,0.749,6,1,0
Industrial,47.3,11.09,52.0,272.0,19.68,0.317,0.741,3,3,0
Pharma,40.2,7.64,136.0,984.0,-7.16,0.464,0.725,1,1,1
Pharma,53.1,12.23,18.0,7931.0,17.85,0.658,0.656,6,1,1
Industrial,55.8,11.43,76.0,25361.0,3.97,0.646,0.633,5,1,1
Pharma,71.4,11.44,73.0,1589.0,5.43,0.112,0.755,2,2,0
Tech,29.6,10.88,59.0,9272.0,2.22,0.487,0.889,4,3,0
Finance,77.9,10.04,169.0,169.0,23.18,0.373,0.457,10,1,0
Industrial,52.6,11.35,25.0,8016.0,-13.59,0.423,0.762,3,1,0
Finance,48.6,11.18,7.0,893.0,14.12,0.34,0.587,11,1,0
Utilities,39.8,9.29,56.0,4727.0,21.52,0.418,0.581,2,2,0
Energy,30.2,8.85,65.0,2056.0,15.75,0.423,0.37,3,1,1
Tech,67.3,10.2,43.0,21604.0,39.87,0.313,0.557,3,2,0
Consumer,56.1,13.1,12.0,803.0,-2.93,0.266,0.45,2,1,0
Tech,35.7,7.52,35.0,7642.0,19.36,0.333,0.53,3,0,0
Industrial,35.6,7.06,19.0,1960.0,3.41,0.435,0.435,6,1,0
Consumer,50.0,10.33,28.0,2351.0,23.5,0.49,0.533,6,0,0
Energy,80.0,10.1,52.0,2262.0,4.88,0.528,0.539,7,1,0
Industrial,51.1,10.35,68.0,838.0,-0.82,0.326,0.615,3,3,0
Mining,32.5,10.49,13.0,2919.0,24.59,0.443,0.358,5,2,0
Finance,51.3,9.55,26.0,2714.0,-2.37,0.544,0.383,2,3,0
Energy,50.9,12.98,16.0,4281.0,-16.19,0.575,0.654,5,2,1
Finance,14.5,6.8,11.0,3384.0,-2.75,0.391,0.48,4,2,1
Pharma,54.2,8.34,76.0,9867.0,14.29,0.367,0.761,1,2,0
Mining,51.5,9.79,120.0,11912.0,25.88,0.429,0.634,3,2,0
Mining,65.4,6.71,23.0,617.0,6.67,0.228,0.691,3,0,0
Energy,82.7,9.65,70.0,10973.0,24.77,0.371,0.812,8,0,0
Mining,71.9,13.32,114.0,503.0,-15.37,0.512,0.554,10,2,1
Consumer,51.0,10.04,94.0,7200.0,-1.65,0.496,0.514,4,1,0
Mining,38.4,10.46,10.0,7552.0,0.67,0.359,0.731,5,0,0
Finance,93.6,7.48,157.0,170.0,3.28,0.433,0.676,6,1,0
Finance,55.9,8.77,24.0,3427.0,6.26,0.276,0.572,3,1,0
Industrial,55.2,9.25,21.0,1476.0,15.36,0.506,0.809,11,2,0
Finance,54.6,9.36,3.0,955.0,-1.67,0.388,0.568,5,3,0
Industrial,58.0,12.56,33.0,22613.0,7.09,0.359,0.605,5,3,0
Finance,52.8,11.12,6.0,1118.0,4.32,0.346,0.603,3,3,0
Consumer,46.4,7.78,14.0,889.0,-8.89,0.391,0.46,7,0,0
Utilities,46.8,10.49,19.0,3339.0,3.29,0.333,0.612,2,1,0
Industrial,54.5,11.0,83.0,8336.0,2.85,0.499,0.81,5,3,0
Tech,46.8,12.28,104.0,2410.0,2.52,0.341,0.667,4,2,0
Pharma,44.3,13.16,18.0,17147.0,5.48,0.639,0.605,6,0,0
Energy,56.6,7.97,98.0,6611.0,6.14,0.62,0.576,4,2,0
Finance,51.2,8.38,97.0,114.0,-1.48,0.266,0.65,5,2,0
Mining,77.6,7.48,72.0,1347.0,24.09,0.41,0.712,3,1,0
Utilities,15.2,9.53,8.0,1283.0,-12.54,0.302,0.691,5,2,1
Finance,71.4,10.93,59.0,6118.0,-5.81,0.351,0.55,6,2,0
Mining,73.7,11.97,145.0,58.0,46.7,0.7,0.649,3,0,0
Pharma,23.9,9.85,57.0,136423.0,-10.57,0.354,0.672,7,0,0
Pharma,49.9,9.36,20.0,6611.0,-15.31,0.454,0.449,4,3,0
Pharma,49.4,10.3,35.0,3727.0,16.02,0.481,0.625,2,3,1
Mining,33.9,8.33,52.0,17542.0,-26.16,0.25,0.276,12,2,0
Finance,43.3,14.18,36.0,100256.0,1.47,0.272,0.672,4,0,0
Pharma,38.3,6.78,6.0,11005.0,37.19,0.219,0.699,2,0,0
Consumer,81.3,10.37,19.0,12372.0,-18.17,0.267,0.712,7,1,0
Industrial,69.0,14.05,81.0,3627.0,-24.73,0.0,0.541,1,1,0
Mining,74.1,10.01,99.0,2411.0,-17.49,0.482,0.646,0,2,0
Mining,65.8,9.62,7.0,1460.0,18.48,0.708,0.814,3,0,0
Finance,38.1,9.29,152.0,863.0,21.87,0.422,0.812,10,0,0
Mining,47.1,9.64,20.0,1064.0,-2.69,0.188,0.596,2,2,1
Mining,62.3,12.75,54.0,393.0,15.25,0.304,0.621,9,3,1
Pharma,36.7,5.58,70.0,2660.0,25.85,0.331,0.767,3,1,0
Finance,65.7,13.07,84.0,238.0,31.81,0.247,0.375,6,3,1
Pharma,51.4,7.15,146.0,3969.0,1.3,0.529,0.552,5,3,0
Industrial,49.4,9.47,19.0,2823.0,-29.52,0.522,0.8,3,2,0
Utilities,65.7,9.14,98.0,3716.0,-7.31,0.227,0.746,8,3,0
Industrial,61.7,11.18,7.0,1362.0,-1.4,0.509,0.655,4,1,1
Utilities,49.6,6.8,61.0,301128.0,1.12,0.629,0.374,5,3,0
Pharma,72.4,10.92,68.0,22929.0,2.18,0.685,0.593,4,4,1
Industrial,38.8,14.05,57.0,461.0,21.78,0.83,0.512,4,2,1
Finance,64.2,7.27,15.0,4227.0,24.12,0.265,0.65,3,3,0
Energy,63.9,10.38,103.0,1197.0,2.42,0.824,0.479,5,1,0
Pharma,50.4,8.68,9.0,651.0,21.48,0.347,0.446,3,2,0
Utilities,59.9,10.85,3.0,399.0,10.36,0.311,0.29,7,1,0
Consumer,36.2,10.04,63.0,5701.0,5.97,0.449,0.783,2,0,0
Utilities,68.9,8.72,32.0,1073.0,18.6,0.313,0.54,7,0,0
Consumer,52.2,10.98,95.0,12730.0,6.08,0.46,0.624,4,2,0
Mining,47.2,13.61,24.0,13236.0,35.87,0.202,0.6,3,0,0
Industrial,70.7,9.62,9.0,23409.0,-16.58,0.364,0.44,3,2,0
Consumer,44.4,11.44,91.0,830.0,-2.73,0.593,0.411,8,1,1
Utilities,33.9,7.41,40.0,6082.0,3.1,0.391,0.449,10,1,1
Mining,31.7,8.09,10.0,7698.0,11.59,0.421,0.492,5,2,1
Energy,64.1,10.94,64.0,1464.0,24.02,0.471,0.655,8,0,0
Finance,35.8,12.97,36.0,937.0,4.63,0.576,0.481,1,3,0
Finance,81.3,10.71,46.0,33332.0,-16.33,0.152,0.862,6,2,0
Finance,23.8,9.37,31.0,4193.0,17.64,0.488,0.754,2,3,0
Consumer,80.4,10.0,88.0,7738.0,16.32,0.36,0.721,4,1,0
Energy,58.2,7.5,88.0,869.0,-24.13,0.425,0.582,4,1,0
Consumer,53.5,11.21,62.0,479.0,4.94,0.559,0.827,8,2,0
Industrial,46.8,11.76,6.0,1269.0,-18.85,0.221,0.567,7,0,0
Consumer,61.0,9.1,91.0,2475.0,-4.97,0.248,0.595,4,2,1
Energy,54.4,9.06,56.0,604.0,-8.54,0.11,0.625,7,0,0
Energy,71.5,10.53,60.0,2937.0,17.14,0.318,0.705,5,0,1
Industrial,56.7,9.13,23.0,237.0,6.75,0.6,0.696,7,1,0
Energy,57.3,9.87,106.0,556.0,-14.28,0.382,0.529,3,1,0
Utilities,49.5,14.2,65.0,8155.0,18.2,0.199,0.52,4,0,0
Energy,54.1,9.51,6.0,7374.0,-16.51,0.327,0.696,8,0,0
Finance,59.6,9.28,26.0,1656.0,9.95,0.177,0.707,7,1,0
Utilities,29.3,8.7,109.0,648.0,-7.21,0.231,0.541,2,1,0
Utilities,34.8,11.49,2.0,638.0,-0.49,0.458,0.362,2,2,0
Industrial,66.1,9.64,163.0,1703.0,12.56,0.224,0.569,6,3,0
Tech,57.6,8.7,57.0,7838.0,12.82,0.567,0.694,8,1,0
Tech,52.2,12.64,50.0,11996.0,25.05,0.389,0.871,4,3,0
Energy,55.3,12.84,16.0,1415.0,3.77,0.413,0.42,6,2,0
Utilities,60.2,8.8,14.0,528.0,9.6,0.358,0.536,8,1,1
Tech,46.9,6.27,142.0,4455.0,-1.57,0.516,0.542,6,2,0
Tech,43.3,12.02,18.0,867.0,7.73,0.517,0.803,4,1,0
Energy,57.9,8.63,75.0,1370.0,11.59,0.45,0.595,6,0,1
Tech,40.3,11.58,25.0,21762.0,3.53,0.485,0.464,6,0,1
Consumer,61.1,6.06,7.0,10308.0,-22.06,0.368,0.684,4,2,0
Mining,29.5,11.79,1.0,3778.0,9.97,0.481,0.539,4,1,0
Industrial,70.4,7.58,39.0,442.0,10.47,0.349,0.416,5,1,0
Mining,62.1,11.46,186.0,4093.0,-5.2,0.4,0.466,9,1,0
Energy,58.8,10.03,23.0,14676.0,-14.27,0.359,0.86,5,3,0
Finance,69.7,8.09,22.0,1697.0,27.14,0.331,0.658,6,2,0
Industrial,80.0,9.19,21.0,22622.0,12.37,0.297,0.616,9,0,0
Energy,70.2,11.37,37.0,20725.0,1.56,0.47,0.563,3,0,0
Utilities,27.4,10.21,29.0,36156.0,-12.06,0.597,0.644,10,3,1
Finance,35.8,11.17,106.0,4712.0,-7.33,0.576,0.642,7,2,0
Mining,45.6,13.95,35.0,7195.0,24.54,0.212,0.644,6,2,0
Energy,55.4,6.87,35.0,24867.0,7.06,0.593,0.617,5,2,1
Utilities,62.8,13.23,7.0,5832.0,-3.26,0.352,0.73,5,1,0
Industrial,44.1,10.21,203.0,1406.0,12.65,0.49,0.603,9,3,1
Industrial,57.8,8.2,14.0,1521.0,-7.22,0.264,0.453,7,1,0
Pharma,43.7,7.34,4.0,4263.0,27.51,0.421,0.508,7,1,0
Utilities,45.8,9.62,54.0,430.0,25.29,0.447,0.303,5,0,0
Consumer,33.9,11.84,45.0,2405.0,-2.0,0.177,0.904,2,1,0
Tech,41.2,9.74,27.0,15442.0,-4.43,0.491,0.729,5,4,1
Finance,34.7,13.02,27.0,111.0,-34.27,0.602,0.475,4,2,0
Utilities,40.4,7.1,77.0,29784.0,-17.22,0.374,0.558,7,1,1
Pharma,70.8,9.98,11.0,16052.0,-15.09,0.604,0.504,3,0,0
Tech,40.8,7.5,86.0,1496.0,7.03,0.372,0.831,3,0,0
Tech,94.5,10.73,52.0,6735.0,0.11,0.527,0.387,6,4,0
Energy,62.4,11.77,27.0,2995.0,-15.18,0.067,0.617,3,2,0
Tech,57.8,9.16,31.0,18864.0,0.78,0.763,0.584,5,1,1
Consumer,42.1,4.79,15.0,13017.0,12.58,0.624,0.724,3,0,0
Industrial,65.5,10.4,70.0,365.0,12.92,0.357,0.584,8,3,0
Pharma,46.4,10.87,36.0,7193.0,-23.5,0.104,0.336,3,2,1
Tech,56.8,10.81,19.0,2190.0,3.08,0.443,0.562,7,3,1
Energy,93.4,12.47,45.0,3375.0,-15.75,0.183,0.454,5,3,0
Consumer,53.6,7.86,273.0,1000.0,18.53,0.467,0.612,6,4,1
Mining,72.2,11.36,29.0,41036.0,16.76,0.462,0.815,4,1,0
Industrial,44.5,12.39,127.0,14187.0,-8.47,0.259,0.339,6,1,1
Industrial,54.5,6.44,21.0,983.0,-6.49,0.568,0.48,7,1,0
Pharma,81.6,10.64,3.0,403.0,-1.92,0.521,0.517,10,1,0
Industrial,45.6,8.99,11.0,1672.0,-28.79,0.546,0.543,7,0,0
Tech,82.2,9.84,27.0,5720.0,10.04,0.401,0.711,6,1,0
Energy,65.6,10.7,12.0,4274.0,0.91,0.188,0.574,4,0,0
Industrial,46.6,9.03,0.0,19530.0,19.55,0.547,0.662,6,3,0
Industrial,64.5,8.65,123.0,9749.0,-11.48,0.359,0.506,2,1,0
Mining,69.6,10.07,93.0,12764.0,-4.29,0.192,0.634,2,2,0
Mining,64.3,7.83,68.0,4867.0,-17.6,0.603,0.717,3,0,0
Finance,31.4,7.83,9.0,371.0,-10.06,0.715,0.49,9,0,0
Consumer,44.1,11.36,6.0,2223.0,-12.73,0.394,0.717,4,1,0
Tech,51.3,7.7,3.0,14620.0,19.94,0.724,0.608,7,1,0
Industrial,53.9,11.33,64.0,2759.0,-5.47,0.414,0.757,8,1,0
Utilities,64.3,10.93,132.0,6340.0,6.86,0.343,0.57,6,1,0
Industrial,57.7,6.55,28.0,1848.0,-0.71,0.305,0.657,3,2,0
Energy,35.0,8.64,6.0,636.0,-14.04,0.646,0.594,6,5,1
Finance,60.7,12.39,36.0,2477.0,2.48,0.283,0.586,3,0,0
Consumer,64.2,8.04,21.0,4739.0,13.99,0.51,0.639,7,2,1
Utilities,63.4,9.07,23.0,1115.0,-13.12,0.316,0.681,6,1,0
Finance,71.2,10.92,49.0,2093.0,17.14,0.331,0.413,2,3,1
Pharma,67.5,11.57,63.0,728.0,-7.75,0.555,0.815,1,1,0
Consumer,61.9,9.5,6.0,15976.0,-2.24,0.343,0.321,2,1,0
Industrial,53.9,8.8,2.0,1917.0,12.96,0.339,0.497,5,2,0
Industrial,30.1,12.84,259.0,26348.0,-4.95,0.57,0.586,4,2,1
Consumer,61.4,13.48,13.0,29529.0,5.56,0.64,0.662,5,2,0
Industrial,58.1,11.96,3.0,2640.0,0.28,0.497,0.836,8,1,0
Tech,59.1,10.17,11.0,657.0,6.94,0.302,0.321,4,3,0
Consumer,35.8,8.38,2.0,130.0,-30.71,0.323,0.524,6,4,0
Finance,38.8,8.34,25.0,328.0,-22.45,0.412,0.281,3,1,0
Consumer,70.8,11.05,81.0,380.0,14.24,0.448,0.605,4,4,0
Utilities,54.4,10.84,21.0,23569.0,20.56,0.252,0.641,8,1,0
Industrial,65.2,12.8,29.0,3547.0,-8.66,0.508,0.839,5,0,0
Tech,55.4,11.3,56.0,5348.0,1.34,0.413,0.618,7,3,0
Tech,55.4,6.99,36.0,107.0,9.42,0.143,0.757,2,2,0
Pharma,69.1,12.1,99.0,494.0,15.4,0.261,0.688,5,1,0
Finance,47.3,8.0,101.0,11278.0,-25.42,0.324,0.535,10,6,0
Mining,56.4,9.23,0.0,4583.0,-8.29,0.389,0.389,4,1,0
Mining,48.1,10.5,75.0,2390.0,0.01,0.683,0.641,5,1,0
Consumer,48.5,13.99,31.0,6955.0,15.55,0.436,0.376,3,0,0
Pharma,50.4,16.22,225.0,34672.0,42.48,0.274,0.794,3,1,0
Energy,58.3,11.21,33.0,2140.0,1.58,0.433,0.576,8,3,0
Consumer,47.8,9.63,217.0,3308.0,-16.1,0.347,0.779,3,1,0
Pharma,73.8,11.07,70.0,3979.0,11.03,0.449,0.528,7,2,0
Finance,41.6,11.78,14.0,107814.0,24.81,0.487,0.64,8,0,0
Finance,52.2,9.36,39.0,128.0,6.62,0.581,0.631,4,0,1
Finance,48.4,13.59,242.0,8307.0,-8.6,0.396,0.593,5,0,0
Finance,76.7,10.46,97.0,2509.0,19.37,0.646,0.535,6,0,0
Finance,57.9,11.0,5.0,6975.0,14.95,0.536,0.659,1,3,0
Pharma,70.5,11.33,61.0,1112.0,-10.39,0.294,0.461,2,3,0
Pharma,32.7,10.84,21.0,2770.0,10.72,0.731,0.419,3,2,0
Tech,59.0,11.68,0.0,8666.0,19.96,0.449,0.786,4,0,0
Utilities,68.3,8.77,26.0,317860.0,22.73,0.275,0.709,4,2,0
Mining,56.2,8.88,13.0,10017.0,4.0,0.648,0.61,4,3,0
Industrial,71.0,7.8,85.0,835.0,-0.37,0.712,0.85,3,1,0
Finance,47.2,10.88,21.0,1579.0,23.41,0.395,0.56,5,2,0
Energy,76.1,11.56,88.0,1510.0,-13.15,0.324,0.798,5,5,0
Industrial,89.5,10.92,0.0,202.0,11.58,0.374,0.626,2,3,0
Pharma,49.6,13.35,18.0,1817.0,-15.55,0.507,0.446,6,4,1
Energy,48.3,9.99,14.0,8949.0,20.98,0.592,0.877,3,0,1
Energy,76.8,11.34,13.0,441.0,1.13,0.486,0.749,4,3,0
Energy,78.7,7.82,4.0,14367.0,24.03,0.415,0.582,3,0,0
Tech,47.2,9.23,10.0,6196.0,12.37,0.625,0.709,6,1,0
Pharma,48.7,11.39,41.0,991.0,-13.35,0.353,0.539,4,0,0
Energy,50.8,11.7,17.0,2411.0,26.37,0.555,0.724,1,0,0
Finance,34.8,9.41,27.0,32777.0,28.27,0.357,0.241,9,2,1
Consumer,41.2,9.86,24.0,8958.0,18.23,0.465,0.447,7,3,0
Energy,39.9,6.96,104.0,3020.0,-6.42,0.383,0.747,5,1,0
Tech,43.5,9.29,118.0,2087.0,0.41,0.392,0.563,4,0,0
Industrial,54.5,11.78,34.0,3344.0,7.18,0.343,0.631,2,2,0
Pharma,58.5,11.15,20.0,1383.0,-5.56,0.602,0.398,4,1,0
Utilities,78.3,11.0,6.0,127.0,30.39,0.29,0.877,5,0,0
Tech,40.0,10.1,153.0,63785.0,7.16,0.289,0.779,4,2,0
Energy,69.8,10.01,3.0,3763.0,-35.55,0.718,0.57,6,0,0
Pharma,51.8,8.68,18.0,5417.0,10.09,0.547,0.539,3,1,0
Consumer,54.3,11.4,18.0,2733.0,-0.22,0.042,0.754,7,1,1
Energy,65.1,10.84,19.0,990.0,3.88,0.315,0.897,5,3,1
Tech,38.2,10.98,9.0,2255.0,-0.53,0.128,0.743,6,3,0
Mining,60.7,8.95,76.0,271.0,17.11,0.257,0.926,7,4,0
Finance,57.5,5.69,7.0,90729.0,21.8,0.0,0.462,2,1,0
Utilities,62.4,12.19,50.0,468.0,9.25,0.379,0.477,6,0,0
Industrial,59.3,9.04,7.0,634.0,-0.09,0.229,0.422,4,2,0
Tech,91.8,8.27,4.0,1540.0,4.38,0.409,0.666,6,1,0
Pharma,45.4,11.39,120.0,20581.0,5.29,0.156,0.626,3,4,1
Utilities,47.0,9.22,11.0,3047.0,-7.04,0.412,0.577,6,3,0
Utilities,45.7,12.12,86.0,467.0,13.68,0.338,0.721,8,1,0
Utilities,46.7,11.23,39.0,19565.0,11.9,0.625,0.785,3,4,1
Energy,45.4,11.37,4.0,8924.0,28.11,0.612,0.371,7,1,1
Finance,72.8,7.27,156.0,6685.0,23.83,0.518,0.51,15,2,0
Energy,76.3,12.42,14.0,8722.0,-5.29,0.351,0.723,7,3,1
Pharma,46.4,10.52,98.0,108179.0,17.3,0.698,0.53,6,0,0
Energy,42.5,9.26,9.0,79035.0,-9.26,0.167,0.48,3,3,0
Mining,62.1,10.29,96.0,1064.0,15.44,0.189,0.753,2,2,0
Finance,46.7,6.45,1.0,34058.0,-2.75,0.387,0.407,5,0,0
Finance,64.5,10.82,36.0,5296.0,-10.35,0.738,0.555,6,2,0
Pharma,58.0,7.94,73.0,6302.0,9.2,0.37,0.649,6,0,0
Industrial,32.3,7.29,137.0,235.0,-35.12,0.373,0.514,4,0,0
Mining,78.2,6.96,120.0,2309.0,-21.26,0.184,0.717,1,1,0
Tech,81.9,12.23,86.0,881.0,2.34,0.542,0.515,6,1,0
Energy,45.8,8.74,110.0,10323.0,6.24,0.543,0.811,8,1,0
Consumer,49.2,13.07,11.0,14863.0,-0.54,0.518,0.581,2,3,0
Energy,59.3,8.93,17.0,133.0,-18.69,0.306,0.701,2,1,0
Utilities,60.0,6.59,17.0,2884.0,-7.27,0.294,0.712,2,2,0
Energy,64.9,7.77,24.0,16039.0,10.87,0.206,0.506,5,2,0
Tech,85.2,12.47,25.0,2253.0,13.73,0.413,0.292,7,1,0
Energy,52.3,9.69,39.0,8898.0,4.76,0.238,0.654,7,3,0
Mining,43.0,8.9,9.0,5048.0,22.35,0.223,0.611,9,0,0
Mining,34.3,10.32,59.0,4977.0,10.96,0.336,0.683,4,2,0
Finance,44.0,11.0,9.0,1984.0,-6.21,0.327,0.566,7,3,1
Pharma,54.5,12.23,19.0,481.0,0.79,0.319,0.535,5,0,0
Industrial,81.9,12.9,35.0,554.0,-16.04,0.47,0.901,7,3,0
Consumer,47.2,9.28,80.0,8639.0,3.38,0.412,0.379,7,2,0
Utilities,58.4,7.35,67.0,3069.0,21.68,0.357,0.71,3,0,0
Energy,54.8,9.17,52.0,2422.0,15.28,0.427,0.514,5,0,0
Energy,72.8,10.52,8.0,1578.0,26.03,0.251,0.55,5,1,0
Tech,92.9,8.07,40.0,1886.0,0.46,0.416,0.552,5,4,0
Pharma,47.0,8.09,5.0,14334.0,25.19,0.423,0.479,5,1,0
Mining,47.7,10.69,24.0,1803.0,2.1,0.175,0.686,8,1,0
Consumer,70.7,9.9,27.0,399.0,27.07,0.549,0.809,2,2,0
Finance,65.2,10.07,2.0,9095.0,4.67,0.268,0.671,6,1,0
Mining,82.7,8.48,16.0,2192.0,15.61,0.414,0.616,6,2,0
Utilities,63.8,9.54,156.0,3125.0,27.13,0.575,0.452,6,1,0
Pharma,49.6,8.15,154.0,33235.0,2.1,0.539,0.678,1,4,0
Utilities,63.9,11.78,22.0,2890.0,8.28,0.405,0.923,10,1,0
Industrial,71.6,12.07,2.0,4600.0,24.33,0.346,0.543,5,3,0
Finance,67.3,6.31,10.0,509.0,3.0,0.542,0.544,3,2,0
Industrial,62.6,8.14,25.0,2144.0,-14.81,0.501,0.516,0,1,0
Tech,71.0,7.01,148.0,7437.0,37.15,0.307,0.527,7,1,0
Utilities,72.5,8.7,8.0,289.0,-2.05,0.281,0.2,4,3,0
Tech,75.7,9.83,72.0,4029.0,7.38,0.089,0.661,6,0,0
Energy,64.7,7.1,6.0,3467.0,22.34,0.423,0.473,4,1,0
Industrial,52.5,8.16,199.0,3171.0,-4.13,0.388,0.358,2,1,0
Pharma,57.2,7.99,24.0,14126.0,-10.12,0.57,0.713,4,2,1
Utilities,73.1,10.41,75.0,4923.0,8.81,0.454,0.438,9,3,0
Consumer,42.7,10.14,21.0,27367.0,-21.9,0.6,0.549,4,3,1
Finance,60.5,8.56,49.0,672.0,0.68,0.295,0.82,5,3,0
Mining,49.1,10.35,11.0,3655.0,8.68,0.571,0.389,8,2,1
Pharma,55.4,8.91,8.0,3384.0,0.95,0.321,0.37,2,1,0
Pharma,74.2,9.46,139.0,600.0,-18.15,0.517,0.64,2,0,0
Tech,57.9,13.35,125.0,12512.0,28.91,0.181,0.772,5,2,0
Industrial,55.7,12.68,109.0,97442.0,6.55,0.435,0.364,4,4,1
Utilities,34.6,7.4,49.0,2906.0,26.47,0.102,0.661,8,1,0
Utilities,66.2,11.66,83.0,6358.0,1.1,0.36,0.687,6,1,0
Energy,64.7,11.62,4.0,3384.0,-8.2,0.466,0.291,9,2,1
Energy,87.4,7.7,20.0,1022.0,9.04,0.322,0.72,7,2,0
Finance,50.4,11.64,19.0,194.0,1.76,0.242,0.731,2,1,0
Tech,58.3,13.08,50.0,1034.0,-12.67,0.527,0.553,8,2,0
Pharma,58.7,7.75,22.0,369.0,27.05,0.384,0.788,3,5,1
Utilities,78.7,8.16,8.0,38413.0,-4.33,0.327,0.77,5,2,0
Consumer,53.6,12.04,45.0,2508.0,-22.6,0.406,0.615,4,1,0
Tech,59.2,10.54,84.0,1774.0,24.92,0.796,0.532,5,0,0
Finance,64.1,11.1,24.0,11313.0,-2.56,0.573,0.454,4,0,0
Finance,57.8,10.68,7.0,554.0,-4.12,0.574,0.594,8,0,0
Tech,48.3,10.78,11.0,944.0,-21.48,0.465,0.685,0,4,0
Finance,57.9,7.35,14.0,3301.0,31.11,0.425,0.551,7,2,0
Tech,71.1,12.09,18.0,13949.0,-14.34,0.041,0.27,4,0,0
Mining,39.6,12.34,51.0,6327.0,5.88,0.298,0.79,5,1,0
Tech,57.0,9.54,46.0,4326.0,18.69,0.328,0.629,2,1,0
Industrial,44.5,9.91,60.0,3352.0,11.33,0.119,0.543,3,1,1
Tech,72.9,6.94,23.0,5434.0,4.11,0.226,0.729,3,2,0
Finance,32.2,11.03,87.0,4034.0,-20.52,0.103,0.829,1,3,0
Utilities,46.6,11.14,11.0,636.0,-7.15,0.394,0.2,3,1,0
Industrial,60.7,9.88,32.0,3194.0,7.82,0.523,0.665,4,1,0
Finance,78.5,12.25,81.0,596.0,-6.81,0.566,0.386,4,2,1
Energy,54.0,9.33,10.0,3366.0,8.05,0.462,0.675,7,2,1
Energy,46.7,11.13,6.0,1450.0,15.23,0.255,0.619,9,2,1
Utilities,83.2,7.96,108.0,134467.0,19.44,0.11,0.695,1,2,0
Utilities,33.3,9.95,21.0,2808.0,-13.39,0.136,0.525,3,3,0
Industrial,22.0,9.65,58.0,363.0,37.95,0.21,0.319,5,1,0
Mining,61.6,10.45,1.0,2438.0,16.51,0.267,0.532,1,1,0
Utilities,47.5,9.26,59.0,6497.0,4.97,0.376,0.661,3,1,0
Energy,39.7,9.74,19.0,36682.0,21.34,0.248,0.752,5,2,0
Tech,65.6,11.65,3.0,1231.0,40.48,0.451,0.424,7,2,0
Finance,58.7,9.13,47.0,278.0,-16.58,0.365,0.754,4,1,0
Energy,46.5,6.79,14.0,10150.0,1.62,0.402,0.503,6,1,0
Energy,35.8,13.5,24.0,376.0,-30.68,0.571,0.654,4,2,0
Mining,68.1,12.76,4.0,1550.0,7.89,0.223,0.524,3,1,0
Industrial,64.8,7.42,8.0,2025.0,10.48,0.463,0.627,5,1,0
Industrial,53.5,11.38,18.0,2685.0,4.41,0.398,0.734,4,2,0
Pharma,82.7,8.99,5.0,8381.0,-4.82,0.35,0.416,4,2,0
Mining,38.9,10.53,121.0,1069.0,-25.74,0.533,0.498,4,2,1
Tech,32.1,10.59,0.0,1977.0,10.6,0.532,0.628,5,3,0
Industrial,44.6,9.53,33.0,2918.0,26.83,0.258,0.96,4,5,0
Finance,54.3,8.43,7.0,3731.0,-3.87,0.373,0.471,8,0,0
Utilities,58.7,8.62,18.0,3452.0,11.6,0.442,0.906,3,1,0
Mining,51.4,8.17,130.0,5733.0,-18.52,0.359,0.901,5,1,0
Utilities,60.3,8.34,9.0,10570.0,11.86,0.488,0.585,4,1,0
Energy,36.2,9.87,169.0,5372.0,-0.9,0.442,0.555,3,3,1
Finance,76.7,8.57,12.0,5886.0,-6.44,0.675,0.496,5,3,0
Finance,53.8,11.36,68.0,278.0,-6.41,0.17,0.59,5,2,0
Energy,71.8,12.97,40.0,3214.0,-0.9,0.382,0.389,5,1,0
Mining,60.1,8.84,108.0,6120.0,10.74,0.264,0.589,2,0,0
Energy,61.9,10.48,40.0,8896.0,-14.68,0.491,0.825,4,2,0
Utilities,63.5,11.0,38.0,1055.0,-0.96,0.157,0.508,4,3,0
Pharma,61.7,10.94,11.0,1109.0,4.38,0.452,0.564,7,0,0
Finance,64.6,10.15,9.0,1260.0,-11.49,0.305,0.345,2,0,0
Consumer,74.9,11.49,124.0,6665.0,31.95,0.29,0.656,3,2,0
Consumer,57.9,10.96,20.0,14056.0,-7.8,0.183,0.64,4,2,0
Utilities,65.6,7.52,23.0,1618.0,-5.04,0.33,0.61,5,1,0
Tech,53.7,11.74,71.0,11637.0,-9.67,0.563,0.567,7,1,0
Industrial,76.6,11.77,21.0,3588.0,31.98,0.396,0.556,5,3,0
Energy,44.9,8.47,152.0,2474.0,13.29,0.494,0.675,3,1,0
Energy,82.0,10.08,67.0,2171.0,-9.05,0.65,0.596,2,3,1
Tech,54.4,11.37,45.0,9135.0,21.59,0.44,0.647,5,3,0
Tech,33.5,9.58,106.0,4858.0,8.01,0.316,0.632,7,2,1
Utilities,56.9,12.15,3.0,90557.0,8.86,0.47,0.769,5,2,1
Utilities,44.8,14.73,15.0,830.0,-0.17,0.318,0.702,5,2,1
Tech,67.6,8.43,31.0,6484.0,-6.24,0.324,0.629,7,0,0
Finance,45.2,7.24,13.0,1348.0,10.07,0.172,0.828,7,2,0
Utilities,48.3,10.61,68.0,809.0,-3.18,0.539,0.663,10,4,0
Pharma,26.7,11.44,126.0,2933.0,32.25,0.342,0.796,4,0,0
Utilities,48.2,9.54,28.0,3663.0,-14.04,0.427,0.691,4,1,0
Energy,18.6,12.91,21.0,237343.0,28.04,0.245,0.324,0,2,1
Utilities,31.2,7.32,163.0,2261.0,3.33,0.465,0.796,3,3,0
Finance,66.4,11.39,29.0,547.0,9.49,0.286,0.62,3,1,0
Tech,66.8,8.79,34.0,4490.0,17.5,0.379,0.592,2,0,0
Energy,61.4,13.44,22.0,133.0,-4.45,0.532,0.642,9,2,0
Utilities,40.5,13.99,120.0,2597.0,17.96,0.519,0.548,8,2,1
Finance,54.3,8.47,42.0,3053.0,-35.61,0.397,0.634,8,2,0
Pharma,54.9,8.9,72.0,9817.0,-5.8,0.135,0.511,4,1,0
Utilities,37.6,11.72,84.0,12841.0,-8.86,0.849,0.791,10,1,0
Finance,77.6,9.23,21.0,1401.0,-13.8,0.662,0.583,3,1,1
Pharma,68.2,9.91,28.0,2378.0,1.78,0.508,0.543,2,1,0
Tech,51.7,10.05,94.0,945.0,10.79,0.287,0.461,2,1,1
Utilities,55.4,6.16,23.0,549.0,15.54,0.383,0.64,2,1,0
Pharma,58.1,9.97,79.0,4745.0,8.61,0.318,0.628,6,1,0
Energy,24.4,8.62,142.0,441.0,-4.99,0.59,0.658,2,1,0
Tech,51.3,9.01,49.0,1600.0,10.54,0.439,0.446,9,2,0
Energy,44.8,12.89,68.0,670.0,6.86,0.282,0.36,8,0,1
Consumer,40.0,7.49,82.0,6799.0,19.04,0.329,0.694,4,4,0
Mining,50.8,11.63,93.0,44451.0,16.65,0.568,0.823,4,3,1
Utilities,82.0,9.44,25.0,423.0,5.46,0.64,0.446,3,2,0
Pharma,64.6,9.44,3.0,185.0,-8.46,0.629,0.838,9,0,0
Mining,46.4,11.58,26.0,2472.0,-4.79,0.514,0.643,10,2,0
Mining,63.6,10.68,56.0,3052.0,-3.25,0.362,0.599,5,1,0
Pharma,76.0,11.14,30.0,4138.0,0.27,0.0,0.54,5,0,1
Tech,68.9,11.94,69.0,1526.0,9.02,0.445,0.392,9,2,1
Utilities,55.9,9.34,22.0,2206.0,15.73,0.4,0.748,2,0,0
Consumer,45.3,8.78,50.0,5173.0,4.23,0.421,0.484,5,1,0
Energy,65.5,7.83,10.0,14195.0,5.24,0.408,0.483,5,2,1
Finance,60.9,8.35,69.0,159.0,7.15,0.201,0.749,8,1,1
Energy,68.4,15.9,39.0,1714.0,-2.74,0.484,0.318,6,3,1
Finance,64.5,12.49,11.0,4108.0,-8.88,0.495,0.371,6,1,0
Energy,70.7,7.3,17.0,752.0,-21.33,0.502,0.597,7,2,0
Pharma,47.0,7.36,69.0,40005.0,-5.43,0.542,0.644,5,0,0
Consumer,74.8,10.96,33.0,1149.0,12.1,0.491,0.673,5,1,0
Utilities,58.0,11.09,12.0,2802.0,-5.54,0.338,0.555,7,1,0
Finance,86.1,11.1,171.0,6864.0,1.43,0.389,0.98,4,1,0
Utilities,44.7,9.49,63.0,1228.0,12.0,0.414,0.566,4,1,1
Utilities,81.0,9.75,157.0,187.0,12.81,0.416,0.565,6,1,0
Utilities,58.0,10.66,28.0,1567.0,-11.19,0.55,0.48,6,2,0
Industrial,45.2,10.17,32.0,13963.0,19.96,0.497,0.619,4,1,0
Tech,47.7,5.56,114.0,1798.0,21.91,0.712,0.692,3,2,0
Energy,50.2,9.54,37.0,837.0,-11.95,0.731,0.781,3,4,0
Utilities,61.4,8.3,61.0,11950.0,-7.36,0.412,0.377,10,1,0
Energy,62.8,10.35,15.0,1815.0,22.87,0.0,0.563,6,2,0
Utilities,46.4,15.97,30.0,1387.0,2.8,0.586,0.667,6,2,1
Finance,54.6,10.73,7.0,3730.0,-28.3,0.319,0.688,4,0,0
Tech,87.1,9.37,12.0,9472.0,-16.0,0.28,0.601,1,1,0
Tech,80.9,11.84,0.0,106146.0,1.26,0.34,0.681,5,0,0
Pharma,61.5,10.97,2.0,10310.0,-12.45,0.333,0.479,7,1,0
Industrial,55.6,10.84,189.0,16979.0,-1.2,0.492,0.834,4,2,0
Pharma,56.8,11.21,14.0,1396.0,5.49,0.166,0.749,3,2,0
Pharma,64.2,14.11,54.0,640.0,26.93,0.238,0.398,5,0,0
Pharma,39.7,7.74,91.0,3273.0,0.64,0.451,0.439,7,2,0
Pharma,51.1,10.95,40.0,3501.0,21.09,0.493,0.443,9,0,1
Pharma,30.0,8.15,8.0,591.0,26.43,0.496,0.702,2,1,0
Consumer,61.0,11.11,65.0,2292.0,26.51,0.282,0.407,6,1,0
Tech,64.7,8.16,46.0,5426.0,9.27,0.253,0.55,2,0,0
Pharma,47.8,9.17,66.0,5118.0,-24.45,0.324,0.668,3,2,0
Utilities,78.6,9.41,73.0,6351.0,11.91,0.436,0.59,5,2,0
Tech,36.6,11.95,185.0,4612.0,20.73,0.623,0.639,3,1,0
Tech,33.0,11.84,43.0,1393.0,3.78,0.093,0.44,4,0,0
Mining,58.4,7.51,21.0,1379.0,31.17,0.367,0.689,5,2,0
Consumer,70.7,10.11,52.0,494.0,17.9,0.2,0.508,4,0,0
Pharma,80.3,8.58,4.0,43354.0,13.52,0.152,0.551,5,1,0
Energy,48.1,7.48,114.0,3042.0,21.3,0.545,0.636,2,0,0
Finance,71.2,9.57,6.0,2128.0,10.0,0.482,0.615,4,0,0
Industrial,54.4,9.38,20.0,740.0,-32.39,0.467,0.604,5,2,0
Utilities,52.4,14.85,85.0,243650.0,-2.49,0.538,0.487,6,1,0
Energy,68.3,10.87,45.0,596.0,22.96,0.328,0.555,10,4,0
Consumer,64.8,7.24,25.0,1567.0,-7.11,0.335,0.6,5,1,0
Finance,31.4,8.87,32.0,5562.0,1.65,0.728,0.394,6,2,0
Consumer,77.1,12.04,96.0,7334.0,-10.67,0.363,0.531,7,1,0
Utilities,75.7,14.18,21.0,12543.0,31.76,0.51,0.658,4,1,0
Tech,45.6,6.83,102.0,44865.0,30.22,0.401,0.408,7,1,0
Finance,60.9,6.24,5.0,6369.0,-8.26,0.123,0.773,6,0,0
Tech,62.4,13.74,75.0,612.0,7.21,0.093,0.79,2,1,0
Utilities,58.9,10.78,94.0,2028.0,-5.21,0.313,0.413,3,0,0
Energy,46.7,8.26,10.0,4730.0,14.22,0.558,0.804,4,1,0
Utilities,44.9,11.07,28.0,66326.0,12.65,0.518,0.578,4,0,0
Energy,54.6,4.73,9.0,366.0,17.18,0.537,0.663,5,2,1
Finance,72.6,10.01,61.0,18104.0,9.98,0.252,0.526,7,0,0
Finance,63.2,10.66,38.0,3904.0,49.03,0.642,0.738,3,2,0
Pharma,49.4,11.85,50.0,10475.0,-10.42,0.255,0.661,3,0,0
Consumer,66.6,7.97,11.0,2558.0,-20.66,0.432,0.478,6,1,0
Pharma,12.3,10.17,12.0,842.0,-0.9,0.398,0.425,3,3,1
Consumer,72.2,8.15,2.0,9194.0,-18.52,0.374,0.381,9,2,0
Pharma,28.9,10.51,19.0,7956.0,-17.39,0.601,0.628,7,2,1
Tech,49.6,8.21,41.0,12811.0,-10.02,0.294,0.686,5,2,0
Finance,38.2,9.18,98.0,2922.0,-8.83,0.198,0.698,6,2,0
Energy,35.6,8.01,55.0,1212.0,-9.32,0.403,0.582,6,2,0
Consumer,72.4,11.3,29.0,288.0,12.77,0.34,0.426,3,2,0
Utilities,48.0,11.72,153.0,10189.0,-2.59,0.907,0.498,8,1,1
Consumer,60.2,9.53,64.0,5630.0,2.31,0.501,0.773,10,3,1
Energy,54.3,10.08,133.0,700.0,18.41,0.339,0.527,6,3,1
Pharma,62.2,7.1,37.0,1329.0,-6.49,0.242,0.622,7,2,0
Consumer,56.2,9.4,15.0,1480.0,1.03,0.118,0.439,2,2,0
Industrial,35.8,9.9,3.0,322.0,10.49,0.246,0.65,5,1,0
Tech,69.9,15.24,65.0,874.0,-24.12,0.417,0.531,8,1,0
Finance,47.6,7.78,6.0,544.0,-30.77,0.614,0.757,6,1,0
Energy,31.7,12.93,18.0,1606.0,10.19,0.568,0.716,2,3,1
Finance,48.6,11.99,38.0,984.0,12.38,0.434,0.526,3,2,0
Industrial,77.5,10.56,42.0,260.0,35.96,0.352,0.581,10,0,0
Consumer,67.8,13.52,46.0,61938.0,7.37,0.44,0.517,3,2,0
Consumer,49.8,10.74,9.0,19513.0,17.3,0.322,0.387,4,0,0
Utilities,49.8,10.78,24.0,927.0,2.07,0.658,0.471,9,0,0
Industrial,50.2,9.89,48.0,4486.0,9.46,0.372,0.63,2,1,0
Energy,86.2,12.45,175.0,5576.0,30.01,0.387,0.649,5,0,0
Utilities,60.7,12.19,65.0,17794.0,-26.86,0.068,0.622,1,2,0
Tech,61.5,8.75,128.0,873.0,11.2,0.371,0.555,5,1,1
Utilities,70.5,7.36,72.0,15339.0,37.03,0.525,0.74,9,5,0
Mining,58.6,9.59,45.0,1310.0,9.23,0.24,0.61,2,1,0
Energy,51.1,8.4,11.0,402.0,29.76,0.287,0.705,5,4,1
Mining,52.1,9.87,55.0,8833.0,-4.44,0.519,0.334,6,1,0
Industrial,53.9,12.47,49.0,20664.0,4.52,0.179,0.2,7,3,0
Pharma,54.4,9.09,46.0,144620.0,5.5,0.559,0.643,3,3,0
Mining,65.9,9.91,34.0,493.0,-28.26,0.32,0.386,7,2,0
Tech,55.8,10.12,38.0,8505.0,-12.52,0.342,0.568,7,2,0
Utilities,66.0,11.7,20.0,1612.0,-11.45,0.231,0.555,6,3,0
Pharma,53.8,5.51,37.0,9653.0,17.33,0.457,0.838,4,2,0
Utilities,56.2,8.79,11.0,328.0,18.08,0.769,0.66,10,3,1
Mining,25.0,10.42,82.0,448.0,9.86,0.517,0.625,6,0,1
Utilities,68.7,12.4,10.0,931.0,17.36,0.27,0.726,8,2,0
Industrial,60.2,9.02,4.0,3356.0,2.54,0.57,0.655,3,3,0
Pharma,70.0,6.25,29.0,1140.0,23.03,0.352,0.531,6,0,0
Industrial,11.6,11.24,54.0,8011.0,5.13,0.606,0.761,9,1,1
Mining,86.3,8.73,29.0,13910.0,5.87,0.521,0.434,3,3,0
Industrial,52.9,7.62,16.0,7327.0,1.02,0.0,0.648,7,1,0
Tech,71.6,8.75,41.0,33799.0,15.27,0.249,0.368,4,2,0
Mining,39.4,9.63,21.0,5562.0,-1.32,0.542,0.631,3,4,0
Mining,64.2,8.79,135.0,480.0,19.65,0.423,0.629,9,2,1
Mining,39.2,5.59,128.0,23042.0,-11.98,0.246,0.851,4,2,1
Energy,45.6,11.79,35.0,1203.0,-11.48,0.305,0.365,4,0,0
Utilities,83.7,12.55,20.0,11680.0,15.31,0.114,0.51,3,0,0
Energy,52.1,11.3,67.0,31590.0,3.67,0.387,0.723,2,1,0
Energy,58.3,7.72,2.0,5914.0,-1.81,0.732,0.65,3,0,0
Tech,68.1,9.6,32.0,316.0,18.35,0.521,0.627,6,3,0
Pharma,62.4,9.99,20.0,752.0,-4.11,0.729,0.457,12,3,0
Utilities,57.3,11.2,127.0,21679.0,2.0,0.532,0.511,7,1,0
Industrial,60.5,11.34,1.0,2313.0,25.99,0.554,0.787,4,1,0
Consumer,91.1,8.53,40.0,3359.0,28.09,0.696,0.592,7,2,0
Mining,54.1,10.16,67.0,9304.0,28.59,0.457,0.656,5,3,1
Industrial,58.0,10.91,33.0,8472.0,0.77,0.372,0.583,8,4,0
Mining,70.8,12.91,4.0,4529.0,23.46,0.555,0.423,4,1,0
Tech,71.6,11.41,180.0,2180.0,-9.23,0.618,0.74,7,1,0
Mining,72.8,11.58,36.0,1865.0,-8.6,0.328,0.675,5,3,1
Energy,64.6,10.17,48.0,10795.0,-30.26,0.292,0.946,2,2,0
Utilities,37.9,12.82,13.0,6839.0,30.09,0.421,0.448,4,0,0
Consumer,79.5,10.82,33.0,2026.0,-7.96,0.525,0.723,6,1,0
Finance,37.8,8.28,28.0,15111.0,3.1,0.52,0.403,6,1,1
Mining,59.5,12.81,4.0,2456.0,-8.65,0.186,0.624,4,2,0
Industrial,43.7,11.4,6.0,831.0,15.43,0.687,0.746,3,0,0
Energy,54.0,9.11,91.0,955.0,-0.63,0.304,0.289,4,1,0
Finance,59.9,9.04,14.0,687.0,-14.57,0.36,0.569,5,0,0
Consumer,59.8,10.59,11.0,1981.0,11.62,0.265,0.516,7,2,1
Finance,61.3,10.93,35.0,18969.0,-16.51,0.805,0.495,10,1,0
Energy,79.2,10.39,73.0,891.0,-7.56,0.436,0.658,7,1,0
Utilities,61.8,10.62,3.0,3955.0,-26.6,0.272,0.768,5,1,1
Utilities,51.3,13.4,43.0,1113.0,-16.36,0.53,0.58,3,1,1
Pharma,69.5,12.14,6.0,2017.0,7.68,0.515,0.631,4,2,0
Utilities,72.8,10.38,2.0,309.0,-24.47,0.372,0.617,4,2,0
Pharma,36.6,11.88,3.0,2141.0,-17.22,0.526,0.6,8,5,0
Finance,64.0,7.93,90.0,2229.0,4.96,0.276,0.437,8,1,0
Tech,65.5,10.8,6.0,6704.0,-3.15,0.326,0.766,4,0,0
Industrial,50.5,13.62,2.0,4167.0,34.88,0.098,0.644,4,2,0
Industrial,75.6,9.56,29.0,494.0,32.51,0.201,0.659,8,2,1
Finance,52.7,8.3,93.0,15158.0,-8.02,0.671,0.479,4,1,0
Mining,56.9,8.7,15.0,4087.0,13.36,0.646,0.531,6,2,0
Mining,52.4,7.82,27.0,4014.0,16.24,0.41,0.574,6,0,0
Utilities,55.2,8.43,2.0,2940.0,-3.96,0.649,0.37,1,2,0
Industrial,38.6,9.26,30.0,1371.0,-17.43,0.376,0.347,5,0,0
Industrial,33.4,7.19,43.0,4133.0,4.82,0.363,0.51,3,3,0
Pharma,78.9,10.03,42.0,6084.0,2.41,0.408,0.678,9,0,0
Tech,42.3,11.8,20.0,217.0,-1.54,0.381,0.502,4,1,0
Energy,40.1,8.18,19.0,1329.0,11.63,0.368,0.447,8,1,0
Mining,22.7,13.04,6.0,2034.0,-6.26,0.572,0.478,8,3,0
Industrial,45.4,11.02,23.0,4378.0,-12.28,0.423,0.532,2,1,0
Pharma,35.2,12.06,5.0,17854.0,6.64,0.507,0.547,6,3,0
Consumer,79.6,8.68,73.0,937.0,10.79,0.555,0.925,9,3,0
Pharma,70.1,11.71,169.0,1412.0,-12.65,0.458,0.758,4,1,0
Mining,44.7,7.82,175.0,1382.0,18.92,0.254,0.754,4,2,0
Mining,88.8,11.78,100.0,896.0,-21.56,0.197,0.775,6,0,0
Pharma,69.7,10.34,46.0,1771.0,-3.67,0.422,0.45,13,1,1
Energy,50.1,11.11,60.0,9473.0,1.13,0.374,0.417,6,0,0
Finance,17.5,7.65,17.0,614.0,-4.54,0.413,0.434,8,2,1
Mining,89.4,8.21,50.0,5663.0,-3.48,0.398,0.8,8,3,0
Pharma,34.2,11.19,30.0,232.0,33.07,0.788,0.518,1,1,0
Industrial,30.3,8.1,33.0,1284.0,-7.76,0.2,0.412,8,1,0
Pharma,70.3,10.93,71.0,1818.0,41.62,0.102,0.535,4,0,0
Tech,91.6,7.27,17.0,36765.0,11.56,0.45,0.564,4,1,0
Finance,75.8,11.7,19.0,1974.0,6.38,0.344,0.64,2,2,1
Consumer,63.5,7.53,129.0,110.0,12.14,0.447,0.638,6,0,0
Energy,63.9,11.1,3.0,149.0,42.95,0.488,0.476,6,4,1
Utilities,67.8,11.25,33.0,3137.0,-9.9,0.593,0.703,3,0,0
Consumer,66.4,8.61,122.0,7485.0,-11.81,0.174,0.504,5,1,0
Finance,59.2,11.16,47.0,5235.0,-6.32,0.316,0.577,8,2,1
Finance,56.6,10.52,40.0,3833.0,5.48,0.464,0.703,9,7,0
Finance,54.1,8.92,14.0,17041.0,-20.89,0.516,0.504,3,1,0
Consumer,43.7,7.98,21.0,1327.0,5.34,0.729,0.515,2,1,0
Industrial,50.8,6.07,96.0,11411.0,30.4,0.543,0.689,7,0,0
Finance,29.6,10.7,41.0,258.0,7.27,0.391,0.471,6,1,1
Pharma,53.5,6.87,36.0,767.0,0.61,0.266,0.542,6,2,0
Consumer,40.2,10.19,5.0,198.0,-4.27,0.315,0.683,6,1,1
Utilities,38.4,9.47,1.0,1974.0,18.48,0.311,0.908,4,5,0
Finance,57.7,11.36,166.0,2781.0,-7.39,0.498,0.691,6,2,1
Pharma,75.9,9.4,24.0,3537.0,32.7,0.439,0.671,10,2,0
Industrial,68.8,9.34,46.0,3271.0,34.0,0.201,0.68,4,3,0
Tech,31.4,11.46,4.0,741.0,8.85,0.335,0.439,3,5,1
Industrial,40.2,10.67,57.0,2241.0,4.83,0.532,0.617,0,0,0
Utilities,69.1,10.63,135.0,315.0,20.46,0.453,0.596,8,2,0
Finance,40.3,10.94,43.0,23037.0,21.42,0.485,0.648,3,2,1
Utilities,51.6,6.93,7.0,1890.0,-7.09,0.457,0.617,4,1,0
Consumer,63.3,11.51,44.0,1432.0,-2.9,0.644,0.657,5,0,0
Mining,40.5,11.22,73.0,32319.0,-14.84,0.435,0.553,3,2,1
Finance,56.6,7.97,26.0,462.0,11.14,0.342,0.609,2,1,0
Mining,35.0,9.51,106.0,551.0,15.0,0.263,0.416,8,0,1
Pharma,46.0,9.92,52.0,576.0,-15.25,0.437,0.552,4,0,1
Tech,59.8,9.73,115.0,2692.0,-1.83,0.034,0.809,3,0,0
Energy,31.1,10.67,49.0,5696.0,-15.21,0.372,0.648,8,0,0
Utilities,61.6,12.86,7.0,9041.0,-8.48,0.369,0.597,5,2,0
Industrial,54.7,12.16,19.0,141209.0,13.27,0.195,0.884,6,0,0
Tech,63.3,7.38,11.0,102.0,-6.0,0.261,0.396,7,2,0
Finance,58.4,11.24,120.0,7429.0,0.49,0.521,0.434,10,0,0
Mining,75.5,12.66,71.0,1292.0,-19.41,0.435,0.857,7,2,0
Industrial,56.9,10.77,56.0,1237.0,7.8,0.415,0.607,3,2,0
Mining,48.6,12.18,18.0,1177.0,4.34,0.446,0.564,3,3,1
Consumer,56.8,14.02,10.0,763.0,-5.93,0.414,0.42,7,1,0
Mining,63.1,12.05,71.0,37301.0,2.16,0.586,0.667,3,2,0
Consumer,55.7,10.5,32.0,10545.0,7.7,0.419,0.682,3,2,0
Pharma,55.6,12.09,13.0,3087.0,-7.22,0.181,0.436,3,2,0
Industrial,44.5,10.29,48.0,22619.0,-17.14,0.645,0.579,8,4,1
Industrial,45.1,10.05,2.0,308.0,32.08,0.456,0.55,2,2,0
Energy,34.0,9.3,20.0,405.0,-4.5,0.312,0.638,5,1,0
Finance,81.2,13.13,32.0,114.0,3.55,0.212,0.432,4,2,0
Consumer,36.3,8.36,8.0,1044.0,20.16,0.459,0.788,2,1,0
Energy,44.6,13.06,209.0,3799.0,57.94,0.382,0.737,3,2,0
Mining,44.2,11.0,12.0,3478.0,-13.67,0.636,0.546,2,0,0
Mining,68.4,7.2,7.0,3729.0,11.75,0.348,0.568,6,0,0
Energy,50.6,10.74,11.0,359.0,-5.61,0.274,0.58,3,0,0
Industrial,73.7,5.8,73.0,9944.0,-3.08,0.534,0.483,6,1,0
Mining,44.9,11.25,28.0,4270.0,-5.8,0.539,0.533,5,3,1
Utilities,59.2,11.77,42.0,8952.0,-11.88,0.425,0.559,4,4,0
Pharma,42.5,8.82,1.0,174.0,4.38,0.501,0.842,6,0,0
Pharma,87.2,10.25,2.0,4756.0,-17.12,0.394,0.742,6,3,0
Utilities,37.2,13.91,30.0,502.0,19.2,0.435,0.74,6,1,1
Energy,59.6,8.99,85.0,1643.0,5.83,0.575,0.655,7,1,1
Utilities,64.5,7.88,108.0,6645.0,11.34,0.494,0.432,10,0,0
Consumer,61.2,12.96,5.0,3417.0,-1.99,0.375,0.594,12,5,0
Consumer,52.2,13.93,39.0,831.0,-0.51,0.603,0.746,5,4,0
Energy,53.1,10.01,122.0,3009.0,9.31,0.045,0.411,7,0,0
Utilities,55.7,12.02,25.0,300.0,-12.46,0.708,0.695,10,0,0
Consumer,52.8,12.68,88.0,16737.0,-0.37,0.144,0.948,2,3,1
Industrial,69.5,8.52,7.0,2191.0,-7.89,0.306,0.759,4,1,0
Utilities,88.2,9.03,137.0,15960.0,-8.36,0.394,0.812,6,1,0
Industrial,46.6,12.46,70.0,1353.0,-26.65,0.378,0.633,4,1,1
Consumer,34.5,13.37,142.0,1359.0,25.09,0.551,0.745,5,3,1
Pharma,53.7,11.13,56.0,947.0,-5.3,0.241,0.492,3,1,1
Consumer,93.7,8.24,23.0,11095.0,22.45,0.439,0.719,3,2,0
Industrial,42.9,13.97,139.0,1028.0,21.03,0.313,0.698,3,1,1
Tech,79.6,8.94,16.0,7839.0,-14.29,0.444,0.643,6,0,0
Finance,80.2,9.33,20.0,1680.0,-11.33,0.39,0.797,5,2,0
Mining,46.7,10.68,60.0,154.0,43.41,0.414,0.519,9,1,0
Utilities,63.5,13.11,72.0,1267.0,31.26,0.318,0.572,1,0,0
Tech,79.4,11.71,133.0,508.0,4.53,0.323,0.614,5,2,0
Consumer,49.3,10.83,11.0,3136.0,8.86,0.443,0.446,6,2,0
Pharma,51.9,10.93,80.0,500.0,-4.46,0.542,0.634,5,2,0
Energy,46.3,10.09,67.0,11956.0,11.49,0.31,0.342,8,3,1
Consumer,39.8,11.12,3.0,2600.0,-5.76,0.27,0.757,4,0,0
Pharma,45.3,4.94,24.0,2284.0,-25.49,0.492,0.607,6,1,0
Finance,36.6,9.41,17.0,7973.0,-14.82,0.395,0.522,5,3,0
Consumer,55.5,10.48,18.0,12656.0,5.32,0.525,0.475,7,1,0
Industrial,43.5,7.7,204.0,2892.0,-11.97,0.264,0.565,4,0,0
Energy,58.5,10.77,51.0,937.0,3.99,0.133,0.703,7,1,0
Pharma,31.7,9.59,63.0,208.0,-11.12,0.32,0.682,4,2,0
Pharma,60.0,13.51,188.0,1065.0,-6.74,0.285,0.494,5,1,0
Pharma,67.5,13.15,24.0,1181.0,17.8,0.388,0.473,5,0,0
Finance,25.1,9.07,81.0,3500.0,8.71,0.304,0.699,5,2,1
Consumer,60.6,9.7,29.0,1776.0,4.86,0.511,0.492,6,3,0
Finance,73.4,9.85,102.0,8366.0,18.18,0.357,0.609,5,3,0
Utilities,36.9,9.1,10.0,1189.0,12.21,0.423,0.619,3,0,0
Mining,80.1,10.39,148.0,2737.0,26.7,0.424,0.647,3,2,1
Mining,61.3,8.48,12.0,17606.0,-1.9,0.429,0.729,5,3,0
Utilities,44.4,7.74,20.0,4978.0,-1.44,0.396,0.411,4,3,0
Consumer,54.2,11.25,71.0,2724.0,-14.52,0.477,0.313,5,1,1
Industrial,63.4,11.26,25.0,1208.0,-1.43,0.281,0.515,2,3,1
Finance,56.1,8.39,47.0,1153.0,19.47,0.61,0.87,8,0,0
Energy,63.1,11.79,29.0,832.0,24.5,0.365,0.903,4,1,0
Pharma,41.2,8.74,68.0,1324.0,19.4,0.203,0.875,1,0,0
Pharma,57.5,10.51,13.0,9260.0,-21.91,0.428,0.571,3,3,1
Consumer,33.8,11.64,3.0,2137.0,21.25,0.272,0.333,6,0,1
Industrial,53.3,9.93,18.0,394.0,-22.58,0.5,0.249,7,1,0
Mining,41.4,10.91,32.0,42288.0,18.47,0.731,0.508,5,1,0
Mining,44.0,8.97,9.0,4817.0,-0.52,0.282,0.57,3,2,1
Pharma,73.5,9.61,22.0,361.0,15.54,0.45,0.795,5,0,0
Consumer,71.4,9.59,26.0,1536.0,-14.99,0.137,0.73,4,1,0
Finance,64.1,8.51,3.0,3520.0,22.57,0.468,0.634,4,0,0
Mining,38.6,9.65,44.0,38441.0,-16.97,0.267,0.467,2,3,0
Finance,50.3,6.9,108.0,566.0,-5.03,0.306,0.456,3,0,0
Industrial,73.2,9.02,8.0,12888.0,-9.97,0.235,0.638,4,1,0
Mining,57.1,9.43,46.0,24324.0,-21.31,0.51,0.705,6,2,1
Mining,89.8,9.49,55.0,1161.0,6.42,0.551,0.659,8,0,1
Tech,60.9,9.52,27.0,1966.0,32.09,0.404,0.445,5,1,1
Mining,57.9,9.88,60.0,630.0,45.0,0.27,0.698,2,1,0
Utilities,50.4,10.96,26.0,2197.0,6.46,0.638,0.664,3,0,0
Energy,57.0,11.75,35.0,2822.0,21.75,0.287,0.439,6,2,0
Utilities,52.7,8.7,0.0,8018.0,8.48,0.076,0.482,6,2,0
Consumer,65.6,7.59,59.0,15295.0,12.48,0.469,0.703,9,0,0
Consumer,69.4,7.92,54.0,971.0,-0.13,0.234,0.565,5,4,0
Finance,43.2,9.03,2.0,156.0,7.93,0.548,0.838,3,1,1
Utilities,35.0,9.3,23.0,2887.0,13.06,0.343,0.675,6,2,0
Utilities,27.5,8.46,193.0,4630.0,-3.68,0.491,0.527,4,0,1
Utilities,62.6,7.41,27.0,4333.0,3.84,0.61,0.598,5,2,0
Industrial,38.4,9.09,35.0,1826.0,4.12,0.219,0.61,4,1,0
Mining,22.7,10.36,120.0,3594.0,17.4,0.315,0.491,7,3,0
Energy,60.8,11.19,63.0,28945.0,-10.99,0.389,0.463,9,3,0
Finance,92.4,8.89,44.0,5285.0,4.23,0.631,0.705,6,0,0
Utilities,54.9,9.17,80.0,1703.0,33.68,0.301,0.727,5,1,0
Utilities,67.6,8.15,100.0,1408.0,22.46,0.311,0.691,2,3,0
Tech,56.2,9.94,31.0,2311.0,25.24,0.472,0.827,7,1,0
Finance,53.5,8.3,32.0,34721.0,5.37,0.313,0.519,2,0,1
Utilities,68.8,11.15,24.0,2264.0,9.81,0.423,0.851,5,1,0
Finance,50.6,6.43,170.0,2894.0,20.03,0.167,0.465,5,3,0
Mining,59.0,9.28,60.0,1446.0,28.4,0.732,0.448,4,5,0
Tech,59.8,10.6,4.0,15498.0,-24.27,0.198,0.336,2,4,0
Finance,45.0,10.37,99.0,56374.0,-14.73,0.352,0.533,11,0,0
Energy,69.9,15.39,33.0,5860.0,24.64,0.395,0.524,5,1,0
Energy,52.4,10.7,4.0,3375.0,0.85,0.687,0.679,8,1,1
Consumer,43.7,7.99,40.0,3150.0,-5.08,0.201,0.637,10,2,0
Tech,63.0,9.81,27.0,83.0,-13.81,0.698,0.421,10,0,0
Tech,41.5,6.45,105.0,9115.0,-3.33,0.514,0.541,5,1,0
Consumer,55.4,9.84,11.0,3646.0,-16.04,0.463,0.544,2,1,1
Finance,54.9,8.33,88.0,5668.0,36.37,0.252,0.334,7,1,0
Tech,71.3,11.83,41.0,1025.0,4.66,0.486,0.453,7,3,1
Energy,62.1,8.9,3.0,1675.0,4.13,0.291,0.484,10,1,1
Energy,54.6,9.77,179.0,1609.0,13.82,0.59,0.815,3,1,0
Utilities,67.3,8.73,36.0,13800.0,19.44,0.254,0.629,7,1,0
Mining,75.9,13.48,17.0,1689.0,19.19,0.383,0.699,6,3,0
Tech,63.4,9.36,32.0,67778.0,21.1,0.317,0.375,2,1,0
Finance,55.2,13.67,98.0,5689.0,-4.46,0.252,0.779,2,0,0
Consumer,35.3,11.63,18.0,440.0,0.53,0.511,0.795,3,3,0
Consumer,39.0,10.96,11.0,2458.0,16.54,0.48,0.3,4,4,1
Finance,50.4,10.74,7.0,1122.0,-2.91,0.581,0.494,2,1,0
Industrial,45.9,10.79,18.0,111.0,4.92,0.133,0.674,9,2,1
Pharma,52.2,6.14,76.0,32834.0,10.98,0.56,0.697,7,0,0
Mining,55.8,9.44,32.0,8559.0,16.78,0.776,0.498,8,0,0
Consumer,62.9,11.69,13.0,6633.0,-21.67,0.332,0.554,3,1,0
Tech,53.9,9.9,9.0,3820.0,15.72,0.684,0.51,7,1,0
Mining,62.3,7.19,20.0,375.0,1.49,0.361,0.617,3,3,0
Tech,56.0,9.9,141.0,1443.0,15.61,0.194,0.78,10,3,0
Industrial,25.4,13.41,21.0,10537.0,16.65,0.354,0.484,4,0,0
Energy,40.9,12.49,222.0,616.0,29.12,0.557,0.75,7,1,0
Mining,52.8,9.88,33.0,67.0,25.3,0.274,0.483,2,0,1
Utilities,36.9,11.9,10.0,2120.0,25.2,0.31,0.473,2,3,0
Consumer,64.0,9.27,111.0,2410.0,26.66,0.489,0.723,5,2,0
Mining,78.0,6.59,31.0,3653.0,9.37,0.4,0.738,10,1,1
Mining,73.3,8.15,62.0,8891.0,5.48,0.488,0.728,6,1,0
Mining,51.8,13.13,206.0,7757.0,18.09,0.436,0.403,4,2,0
Pharma,77.4,9.45,3.0,4395.0,15.98,0.472,0.53,1,0,0
Mining,57.2,9.51,5.0,17913.0,0.36,0.335,0.723,8,1,1
Tech,49.9,9.4,64.0,305.0,11.07,0.435,0.606,5,3,0
Energy,45.8,13.81,17.0,6354.0,4.47,0.261,0.439,3,6,1
Industrial,50.5,13.25,10.0,7630.0,-7.81,0.593,0.669,4,4,0
Finance,49.2,14.44,2.0,464.0,24.36,0.305,0.493,3,2,0
Mining,57.6,9.68,1.0,313.0,5.83,0.569,0.869,3,1,0
Consumer,57.4,10.59,74.0,974.0,35.73,0.365,0.832,4,3,0
Mining,55.0,6.97,7.0,1105.0,-19.38,0.43,0.691,4,1,0
Consumer,61.6,12.95,32.0,9229.0,-3.35,0.326,0.804,5,1,0
Tech,72.9,7.66,47.0,1186.0,5.49,0.248,0.61,3,0,0
Consumer,69.2,10.43,28.0,825.0,22.06,0.138,0.715,6,1,0
Utilities,32.7,7.81,1.0,1191.0,10.99,0.242,0.822,4,1,0
Finance,16.7,8.82,77.0,15962.0,9.66,0.351,0.637,6,1,0
Energy,69.0,8.33,1.0,3040.0,-11.91,0.432,0.562,6,2,0
Consumer,34.5,8.78,72.0,2278.0,-12.35,0.552,0.344,5,4,1
Consumer,51.6,8.92,112.0,2528.0,9.84,0.333,0.588,7,4,1
Energy,37.4,8.9,28.0,20704.0,-15.46,0.268,0.724,5,1,0
Finance,28.0,11.67,38.0,969.0,-2.98,0.184,0.742,6,1,0
Mining,63.1,7.79,32.0,21445.0,12.51,0.472,0.676,4,2,0
Consumer,66.4,10.44,25.0,4088.0,-9.73,0.607,0.519,8,0,0
Energy,46.4,12.44,109.0,2343.0,29.08,0.59,0.303,11,3,1
Utilities,16.1,8.97,112.0,126925.0,23.36,0.506,0.526,6,1,1
Utilities,46.8,8.56,20.0,612.0,-18.57,0.496,0.554,3,1,0
Tech,60.9,9.54,48.0,1754.0,-8.99,0.655,0.553,4,0,0
Energy,32.8,12.36,131.0,469.0,-29.29,0.45,0.693,8,2,1
Tech,57.8,10.39,164.0,12440.0,-6.74,0.497,0.898,6,2,0
Utilities,54.8,8.94,36.0,37563.0,16.5,0.352,0.619,5,1,0
Finance,63.7,10.97,30.0,36493.0,-1.21,0.196,0.567,6,2,0
Mining,56.8,7.8,16.0,18693.0,11.91,0.297,0.561,4,3,0
Energy,40.4,11.36,160.0,2216.0,-17.84,0.399,0.619,5,1,0
Industrial,72.9,10.82,8.0,1724.0,16.97,0.409,0.476,14,2,1
Utilities,52.6,9.38,43.0,243.0,-3.33,0.689,0.618,4,1,0
Utilities,54.6,8.32,17.0,63184.0,5.18,0.412,0.668,6,1,0
Industrial,41.0,8.23,16.0,6024.0,3.61,0.577,0.631,2,0,0
Pharma,48.4,11.07,26.0,1425.0,-14.07,0.335,0.669,5,2,0
Utilities,41.7,12.46,336.0,21853.0,-12.3,0.353,0.665,5,1,1
Consumer,52.4,8.73,3.0,693.0,19.52,0.201,0.334,4,4,0
Finance,80.7,10.92,43.0,5486.0,10.98,0.289,0.696,3,1,0
Energy,34.4,5.83,4.0,2301.0,20.75,0.479,0.499,6,2,0
Industrial,30.8,8.83,8.0,7770.0,9.87,0.401,0.436,5,0,0
Consumer,77.1,9.94,29.0,2710.0,7.14,0.541,0.434,7,0,1
Industrial,51.9,8.18,36.0,338.0,-20.89,0.427,0.665,8,2,0
Energy,45.0,8.13,15.0,3339.0,0.94,0.347,0.567,6,0,0
Tech,70.6,8.66,19.0,14376.0,4.59,0.722,0.348,5,3,1
Energy,45.9,10.58,5.0,2853.0,34.3,0.386,0.672,8,1,1
Pharma,82.4,9.63,18.0,9535.0,15.3,0.574,0.384,9,1,0
Energy,65.2,5.52,170.0,621.0,28.04,0.34,0.621,3,0,0
Energy,47.7,5.76,145.0,2866.0,13.96,0.506,0.636,5,0,0
Pharma,87.4,8.79,20.0,1168.0,-5.67,0.539,0.733,2,2,0
Finance,45.9,10.92,42.0,9141.0,6.76,0.431,0.867,6,4,1
Utilities,66.1,4.5,120.0,3125.0,8.54,0.047,0.395,9,0,0
Energy,59.5,9.0,0.0,8393.0,-9.09,0.403,0.592,5,1,1
Pharma,74.5,8.95,83.0,15238.0,-0.77,0.585,0.559,7,1,0
Consumer,78.4,12.78,148.0,8412.0,1.91,0.479,0.665,7,2,0
Tech,55.5,9.23,5.0,4490.0,29.08,0.467,0.632,3,2,0
Tech,43.7,10.77,9.0,667.0,-26.21,0.142,0.547,5,1,0
Energy,61.9,10.28,162.0,2969.0,23.09,0.292,0.534,5,3,1
Finance,44.8,5.74,39.0,1340.0,-9.05,0.462,0.433,4,0,0
Finance,85.2,11.54,1.0,1779.0,-15.58,0.462,0.748,5,0,0
Consumer,57.0,10.43,15.0,1700.0,22.7,0.582,0.669,4,0,0
Energy,49.5,11.02,30.0,685.0,15.98,0.378,0.738,8,2,0
Tech,57.8,17.85,59.0,158.0,23.82,0.461,0.553,7,1,0
Finance,34.8,5.83,66.0,1094.0,17.01,0.402,0.501,6,1,0
Energy,40.4,13.45,269.0,3984.0,35.9,0.252,0.438,7,1,1
Industrial,73.0,9.43,17.0,395.0,13.38,0.062,0.654,10,1,0
Finance,45.1,10.57,39.0,3052.0,2.65,0.465,0.444,4,1,0
Pharma,39.3,9.91,38.0,51555.0,10.14,0.426,0.877,9,3,0
Industrial,63.0,9.15,26.0,13830.0,23.65,0.307,0.404,9,1,0
Utilities,72.8,8.86,9.0,35077.0,-6.69,0.157,0.641,9,3,0
Finance,65.8,10.66,190.0,5360.0,-4.78,0.494,0.835,3,1,0
Tech,69.9,6.97,96.0,17176.0,0.37,0.36,0.69,3,1,0
Mining,43.6,11.5,34.0,1006.0,-26.57,0.484,0.626,8,1,0
Industrial,33.7,9.17,46.0,1134.0,7.07,0.68,0.455,6,0,1
Utilities,77.5,7.74,13.0,49.0,-23.29,0.079,0.393,9,1,0
Consumer,50.2,9.1,39.0,17663.0,5.8,0.295,0.716,2,1,0
Consumer,51.2,12.51,59.0,30046.0,17.98,0.369,0.826,6,0,1
Tech,74.9,8.93,36.0,1300.0,-2.15,0.618,0.534,2,2,0
Finance,63.3,10.72,232.0,2037.0,30.16,0.155,0.429,9,1,0
Energy,61.8,8.54,47.0,962.0,-16.91,0.69,0.231,6,2,1
Finance,87.5,11.52,23.0,5292.0,22.87,0.42,0.453,1,3,0
Tech,45.3,11.37,74.0,16113.0,15.13,0.386,0.583,3,2,0
Consumer,68.9,13.7,9.0,218.0,-20.74,0.37,0.84,4,1,0
Finance,55.9,9.65,24.0,5509.0,45.66,0.335,0.701,4,0,0
Consumer,59.0,11.34,21.0,1968.0,4.04,0.557,0.646,6,2,0
Industrial,77.9,10.2,28.0,3534.0,-8.16,0.24,0.54,8,2,0
Utilities,62.6,12.59,76.0,5934.0,-16.11,0.452,0.513,5,0,0
Energy,63.1,8.56,33.0,2248.0,1.7,0.342,0.811,11,3,1
Industrial,71.1,11.49,79.0,2552.0,3.09,0.286,0.63,9,0,0
Consumer,49.5,9.61,43.0,2163.0,6.54,0.788,0.285,5,1,1
Consumer,42.4,9.87,21.0,12778.0,0.53,0.463,0.499,4,0,0
Mining,39.3,10.18,83.0,5587.0,14.5,0.492,0.471,3,3,1
Mining,25.5,10.5,14.0,4150.0,-0.81,0.571,0.518,12,0,0
Industrial,85.8,9.77,13.0,443.0,-24.02,0.187,0.684,5,4,0
Pharma,38.5,10.43,35.0,1689.0,2.76,0.663,0.584,12,0,0
Industrial,51.7,13.16,15.0,11476.0,-30.51,0.024,0.588,4,0,0
Mining,50.8,11.97,0.0,3154.0,10.31,0.285,0.797,5,2,0
Consumer,59.6,11.74,52.0,8017.0,-9.69,0.331,0.496,3,1,1
Tech,67.2,9.09,36.0,42183.0,7.45,0.487,0.88,3,1,0
Industrial,67.9,8.22,29.0,14156.0,24.71,0.433,0.499,5,1,0
Consumer,46.3,11.91,171.0,3428.0,-9.23,0.375,0.613,3,4,0
Tech,52.5,11.75,42.0,1385.0,20.92,0.398,0.558,8,0,0
Tech,59.2,12.95,100.0,65.0,-1.5,0.253,0.619,6,4,1
Mining,51.3,8.79,8.0,2316.0,31.3,0.175,0.667,4,1,0
Industrial,79.1,9.54,42.0,1828.0,-0.48,0.509,0.665,2,0,0
Finance,62.4,6.72,101.0,5354.0,-7.61,0.504,0.487,8,0,1
Energy,66.0,9.22,44.0,2366.0,15.31,0.638,0.432,7,0,0
Mining,64.9,11.99,63.0,1844.0,-1.54,0.281,0.975,3,1,0
Mining,72.6,9.07,23.0,207.0,-7.62,0.504,0.527,3,2,1
Finance,57.7,11.28,5.0,728.0,-2.17,0.357,0.705,8,1,1
Energy,35.5,9.62,31.0,6093.0,4.33,0.579,0.359,5,1,0
Consumer,61.0,10.65,25.0,39099.0,25.13,0.553,0.558,6,2,1
Pharma,45.2,7.7,101.0,2575.0,-24.01,0.432,0.581,9,0,0
Industrial,47.1,10.17,14.0,4874.0,5.35,0.349,0.671,4,0,0
Pharma,63.8,4.02,170.0,12441.0,14.37,0.544,0.2,5,2,0
Consumer,73.6,9.63,159.0,883.0,7.9,0.497,0.625,6,1,0
Utilities,55.3,6.74,14.0,5168.0,24.65,0.297,0.428,7,3,1
Mining,59.6,12.41,21.0,982.0,3.88,0.201,0.649,3,1,0
Energy,80.5,11.55,113.0,10908.0,2.23,0.357,0.445,4,1,0
Mining,58.6,10.93,170.0,3741.0,13.88,0.627,0.472,4,3,1
Tech,94.0,13.04,29.0,4664.0,6.49,0.572,0.559,1,2,0
Mining,63.5,8.1,19.0,922.0,-0.86,0.233,0.442,5,4,0
Mining,28.6,13.49,37.0,8609.0,12.74,0.225,0.529,4,3,0
Consumer,66.3,11.86,58.0,67987.0,-4.79,0.591,0.421,1,2,0
Consumer,60.7,9.53,16.0,657.0,-4.17,0.23,0.325,3,0,0
Consumer,74.3,12.27,67.0,1791.0,-2.92,0.476,0.753,7,1,0
Pharma,65.1,7.79,3.0,4219.0,25.3,0.308,0.406,0,4,0
Tech,52.9,8.35,3.0,9697.0,-43.32,0.643,0.573,9,2,1
Utilities,36.6,8.78,24.0,1288.0,10.93,0.284,0.713,5,2,1
Utilities,51.9,8.94,22.0,43.0,5.51,0.572,0.508,4,2,0
Consumer,42.2,7.89,19.0,22898.0,-20.21,0.428,0.476,0,2,0
Energy,46.3,12.45,34.0,9328.0,9.65,0.438,0.634,6,1,0
Pharma,63.8,9.48,19.0,218.0,12.14,0.104,0.768,6,1,0
Finance,80.0,10.71,11.0,1198.0,13.84,0.07,0.425,2,1,0
Energy,60.9,8.86,19.0,31328.0,-34.78,0.367,0.577,3,1,0
Industrial,37.1,6.36,184.0,26152.0,25.5,0.437,0.34,5,6,1
Industrial,61.7,10.54,26.0,12185.0,-6.07,0.231,0.541,7,1,0
Energy,72.9,6.18,29.0,2289.0,15.3,0.237,0.605,5,3,0
Consumer,45.9,9.86,43.0,3376.0,16.12,0.484,0.472,5,0,0
Finance,53.0,7.26,205.0,2449.0,-8.15,0.484,0.531,6,0,0
Finance,55.2,13.97,14.0,16193.0,14.91,0.379,0.389,3,2,1
Pharma,43.2,11.82,57.0,801.0,-0.78,0.517,0.612,5,1,0
Finance,64.7,10.21,63.0,890.0,-26.07,0.224,0.758,4,3,1
Industrial,53.2,12.53,47.0,13567.0,22.52,0.347,0.435,3,0,1
Tech,61.3,8.31,5.0,2789.0,-6.63,0.647,0.507,7,0,0
Consumer,41.7,11.09,56.0,23569.0,-7.82,0.41,0.675,4,1,1
Finance,48.4,10.4,3.0,1089.0,-1.05,0.419,0.782,7,0,0
Pharma,65.8,10.53,45.0,2746.0,9.08,0.746,0.376,6,4,0
Industrial,49.4,12.54,67.0,747.0,4.14,0.19,0.575,4,2,1
Tech,80.9,11.46,12.0,3014.0,13.22,0.519,0.642,4,3,1
Mining,49.0,10.58,92.0,324.0,-15.09,0.65,0.585,3,1,0
Mining,58.4,6.69,2.0,1434.0,-6.14,0.351,0.228,5,3,1
Tech,69.0,8.08,93.0,346.0,3.26,0.529,0.675,4,1,0
Industrial,33.7,9.75,31.0,8441.0,33.47,0.253,0.828,10,1,0
Pharma,28.6,10.19,12.0,8733.0,3.29,0.297,0.617,8,0,0
Tech,32.1,7.74,7.0,222.0,21.28,0.458,0.445,2,2,0
Consumer,73.9,14.82,153.0,22045.0,5.58,0.52,0.523,3,5,0
Consumer,46.7,13.03,4.0,126263.0,-2.25,0.568,0.865,7,2,0
Mining,93.4,11.2,11.0,3194.0,1.3,0.635,0.736,4,3,0
Finance,46.5,10.14,21.0,1139.0,2.47,0.39,0.696,6,3,1
Pharma,57.8,9.58,48.0,206178.0,14.05,0.579,0.653,4,0,0
Mining,78.1,8.1,39.0,412.0,25.62,0.349,0.501,5,2,0
Finance,85.1,10.15,7.0,3072.0,10.4,0.535,0.57,5,3,0
Finance,85.9,10.52,17.0,3903.0,22.81,0.431,0.588,9,2,1
Utilities,73.1,7.52,14.0,22420.0,-9.47,0.467,0.682,4,1,0
Consumer,70.4,10.67,12.0,5113.0,-1.22,0.464,0.826,1,1,0
Industrial,63.9,9.69,26.0,1411.0,-5.86,0.159,0.768,4,2,0
Energy,66.7,6.18,61.0,716.0,9.72,0.231,0.387,6,0,0
Industrial,46.7,8.28,12.0,1785.0,-0.38,0.415,0.634,3,1,0
Energy,42.7,9.17,23.0,658.0,15.95,0.147,0.711,4,0,0
Tech,54.9,13.78,25.0,3203.0,-8.97,0.525,0.693,10,0,0
Consumer,52.4,11.11,187.0,1279.0,5.65,0.531,0.506,9,2,0
Finance,48.2,7.33,155.0,317.0,15.3,0.449,1.0,6,3,0
Pharma,65.4,10.97,81.0,19589.0,-25.98,0.232,0.408,7,4,1
Energy,69.3,6.91,14.0,1413.0,36.82,0.607,0.438,0,3,0
Industrial,56.3,12.17,4.0,445.0,0.75,0.706,0.635,6,0,0
Finance,77.2,9.06,19.0,2316.0,-25.38,0.422,0.918,2,2,0
Energy,37.9,9.81,16.0,3303.0,7.37,0.477,0.475,3,2,0
Energy,52.1,12.65,35.0,217.0,5.5,0.43,0.56,13,3,1
Utilities,44.2,7.43,75.0,4902.0,3.77,0.48,0.762,5,1,0
Energy,27.0,7.21,98.0,620.0,19.87,0.382,0.597,2,1,1
Pharma,53.8,8.83,93.0,38814.0,16.21,0.395,0.55,6,1,0
Consumer,53.2,12.08,22.0,6542.0,9.47,0.536,0.685,6,1,0
Pharma,77.7,6.96,58.0,1636.0,11.75,0.752,0.641,4,2,0
Mining,64.5,4.34,19.0,975.0,3.43,0.19,0.755,8,2,0
Finance,39.6,9.1,3.0,2547.0,31.63,0.384,0.794,10,1,0
Consumer,82.8,11.1,60.0,7474.0,-17.19,0.223,0.646,9,2,0
Utilities,73.3,12.4,0.0,2869.0,7.09,0.639,0.644,4,1,0
Consumer,63.7,9.07,26.0,2152.0,5.98,0.312,0.632,3,1,0
Consumer,51.6,9.18,20.0,3254.0,17.2,0.184,0.673,6,1,0
Industrial,40.6,12.31,59.0,1205.0,-7.66,0.496,0.608,7,0,1
Consumer,49.4,6.26,73.0,1781.0,-21.16,0.662,0.6,5,1,0
Utilities,71.3,9.22,18.0,130.0,7.35,0.5,0.779,4,1,0
Pharma,83.3,10.38,83.0,12843.0,9.22,0.431,0.827,6,3,0
Consumer,78.1,10.9,17.0,4667.0,27.34,0.461,0.374,5,1,0
Tech,47.7,8.98,30.0,934.0,-14.06,0.612,0.602,5,2,0
Finance,38.2,10.07,65.0,51436.0,22.32,0.269,0.497,1,1,0
Consumer,57.1,5.02,59.0,3397.0,40.51,0.383,0.553,6,0,0
Finance,28.5,8.68,219.0,630.0,-0.67,0.332,0.66,4,0,0
Tech,59.8,10.91,13.0,10776.0,-14.36,0.225,0.7,4,2,0
Tech,52.8,8.04,54.0,5416.0,-1.1,0.351,0.583,2,1,0
Finance,48.0,10.12,47.0,5388.0,5.21,0.566,0.313,5,1,0
Energy,31.1,10.89,123.0,1574.0,13.46,0.485,0.455,4,1,0
Mining,62.7,9.31,9.0,5859.0,-3.87,0.497,0.734,9,1,0
Industrial,47.0,10.34,70.0,2013.0,28.33,0.422,0.2,4,0,0
Energy,37.5,8.07,42.0,6863.0,-11.72,0.478,0.778,0,1,0
Energy,11.9,9.59,16.0,171.0,-21.09,0.28,0.678,11,3,1
Pharma,54.6,11.22,32.0,1555.0,21.6,0.354,0.797,8,1,0
Industrial,81.6,10.31,20.0,39467.0,-29.12,0.429,0.57,7,3,0
Industrial,79.9,8.83,43.0,943.0,1.94,0.442,0.291,6,1,0
Energy,48.1,10.45,110.0,1205.0,51.77,0.448,0.665,3,3,1
Consumer,46.0,11.43,42.0,1522.0,4.82,0.379,0.791,5,0,0
Pharma,62.0,5.9,50.0,482.0,-11.81,0.343,0.739,6,1,0
Pharma,40.0,12.32,37.0,109.0,4.14,0.874,0.501,3,1,0
Tech,59.5,9.33,3.0,2109.0,4.24,0.536,0.613,5,1,0
Utilities,66.5,10.85,13.0,3655.0,7.41,0.462,0.52,8,2,0
Industrial,73.4,12.39,34.0,2755.0,14.93,0.365,0.477,6,0,0
Energy,53.5,7.26,19.0,2399.0,-10.59,0.332,0.743,7,0,0
Tech,51.9,8.58,10.0,3180.0,30.31,0.38,0.42,4,0,0
Finance,41.8,9.42,35.0,13825.0,8.68,0.444,0.466,3,1,0
Mining,42.6,8.43,19.0,2240.0,15.9,0.118,0.434,8,1,0
Utilities,51.6,13.47,15.0,1260.0,-4.42,0.165,0.376,1,2,0
Utilities,60.5,8.29,31.0,1955.0,24.3,0.304,0.622,5,4,1
Utilities,68.7,8.89,7.0,7108.0,1.14,0.431,0.774,6,3,0
Pharma,43.0,10.41,131.0,24786.0,9.16,0.364,0.572,5,1,0
Finance,77.4,7.6,101.0,1162.0,-9.0,0.622,0.374,5,0,0
Utilities,50.9,9.21,61.0,3458.0,-9.95,0.178,0.726,5,1,0
Finance,54.7,10.63,6.0,4952.0,15.32,0.287,0.853,5,4,0
Consumer,43.8,9.33,75.0,673.0,-1.65,0.628,0.503,6,0,0
Utilities,18.6,9.81,83.0,3074.0,-7.81,0.42,0.528,5,0,1
Mining,68.3,8.94,73.0,331.0,-4.65,0.533,0.677,5,1,0
Finance,66.1,6.97,6.0,210.0,15.48,0.708,0.843,8,0,0
Finance,50.8,10.64,52.0,5167.0,-4.44,0.296,0.522,3,2,0
Mining,56.0,13.51,90.0,1676.0,3.24,0.385,0.4,5,4,1
Utilities,62.7,10.04,43.0,4038.0,5.23,0.359,0.695,3,4,0
Mining,31.6,10.45,52.0,2902.0,-23.76,0.107,0.72,3,1,0
Finance,47.1,11.39,31.0,689.0,-17.07,0.353,0.601,7,4,0
Mining,66.9,7.46,38.0,2785.0,10.04,0.532,0.516,4,0,0
Finance,36.2,13.41,2.0,469.0,-6.06,0.481,0.749,4,2,1
Finance,59.4,10.4,51.0,24016.0,20.85,0.493,0.679,2,2,0
Consumer,34.7,13.26,4.0,390.0,19.5,0.344,0.485,6,3,1
Energy,62.0,8.53,29.0,2222.0,15.79,0.302,0.607,3,1,0
Finance,54.5,13.64,17.0,624.0,32.3,0.59,0.397,7,2,0
Utilities,30.8,11.55,39.0,7014.0,3.75,0.325,0.703,7,4,0
Tech,72.5,11.11,7.0,1813.0,14.73,0.444,0.561,8,1,0
Pharma,44.0,10.47,59.0,1369.0,-3.77,0.425,0.535,6,2,0
Industrial,42.8,9.5,79.0,10719.0,41.79,0.619,0.595,7,0,0
Energy,58.0,12.4,9.0,3116.0,34.75,0.546,0.606,4,3,1
Energy,72.2,10.28,6.0,6470.0,5.18,0.206,0.734,7,2,1
Energy,39.8,6.07,8.0,684.0,10.8,0.222,0.689,2,1,0
Consumer,55.9,7.77,105.0,362.0,25.39,0.487,0.577,5,2,0
Finance,61.4,9.63,38.0,3501.0,2.79,0.39,0.715,3,4,0
Consumer,65.4,10.62,31.0,1848.0,-4.85,0.332,0.66,7,1,0
Finance,57.6,9.89,6.0,7629.0,18.11,0.552,0.536,5,0,0
Utilities,49.5,12.44,52.0,2644.0,6.18,0.428,0.581,7,0,0
Consumer,42.6,6.1,101.0,4055.0,7.74,0.408,0.578,9,1,0
Consumer,56.3,10.29,88.0,261.0,-7.51,0.517,0.676,6,1,0
Pharma,38.9,6.36,49.0,50648.0,-20.77,0.344,0.545,5,1,1
Tech,11.2,11.52,4.0,2330.0,8.54,0.635,0.541,7,1,1
Consumer,61.5,9.81,6.0,8488.0,18.57,0.282,0.895,1,0,0
Pharma,68.6,10.84,3.0,851.0,1.61,0.499,0.741,3,1,0
Mining,19.6,8.27,15.0,4732.0,26.55,0.615,0.486,3,2,0
Tech,39.9,12.56,7.0,422.0,-5.56,0.193,0.686,11,1,1
Utilities,64.3,12.08,15.0,5873.0,-10.82,0.348,0.618,4,2,0
Consumer,85.9,11.17,24.0,1748.0,3.99,0.571,0.659,2,1,0
Industrial,55.3,9.74,143.0,3114.0,3.76,0.574,0.621,5,3,1
Energy,44.1,11.16,47.0,8493.0,16.55,0.374,0.778,7,1,0
Mining,52.3,8.59,90.0,469.0,-6.62,0.29,0.652,2,0,0
Mining,75.6,11.71,62.0,1068.0,25.52,0.543,0.591,5,2,0
Utilities,45.3,13.3,6.0,5919.0,34.5,0.578,0.756,2,2,1
Pharma,43.0,12.14,67.0,69378.0,4.41,0.225,0.635,1,1,0
Mining,47.8,8.54,16.0,2423.0,23.75,0.219,0.618,6,2,0
Tech,40.7,10.72,51.0,7235.0,-10.85,0.434,0.647,4,3,0
Consumer,56.8,7.41,21.0,2539.0,21.13,0.494,0.586,7,2,0
Consumer,79.4,11.14,303.0,54905.0,20.71,0.355,0.601,7,2,0
Industrial,59.8,10.9,15.0,217.0,17.95,0.502,0.512,6,2,1
Utilities,51.2,6.26,16.0,3436.0,4.77,0.293,0.487,6,1,0
Energy,50.6,7.68,133.0,260.0,-39.31,0.083,0.45,6,0,0
Pharma,31.6,9.43,1.0,69.0,-4.63,0.336,0.391,7,1,1
Energy,68.2,9.4,60.0,4657.0,-4.39,0.409,0.468,4,2,1
Mining,53.8,7.58,65.0,3675.0,-9.67,0.359,0.574,9,2,1
Utilities,52.3,10.78,91.0,1944.0,6.83,0.226,0.615,4,0,0
Industrial,95.0,10.5,183.0,2542.0,-1.28,0.128,0.559,6,2,0
Energy,59.5,9.61,186.0,310969.0,-7.37,0.323,0.247,7,2,0
Tech,43.7,8.49,3.0,2024.0,-10.88,0.535,0.836,4,3,0
Consumer,48.6,12.1,86.0,6407.0,-5.73,0.588,0.763,6,2,0
Mining,72.2,13.31,52.0,1125.0,21.82,0.578,0.667,2,2,0
Industrial,56.7,9.03,52.0,4642.0,-4.92,0.278,0.886,6,0,0
Energy,33.4,8.78,7.0,2085.0,-2.72,0.227,0.453,4,2,0
Pharma,68.8,10.98,53.0,1610.0,-1.85,0.474,0.883,3,2,0
Tech,45.0,9.28,202.0,45631.0,10.08,0.495,0.455,3,0,0
Tech,83.1,9.72,121.0,17427.0,11.84,0.46,0.636,5,2,0
Energy,71.2,11.48,29.0,3660.0,-40.67,0.098,0.409,3,2,0
Consumer,48.3,6.18,2.0,94.0,20.32,0.27,0.602,4,0,0
Energy,74.2,12.64,22.0,1735.0,26.55,0.396,0.658,3,2,0
Mining,56.0,10.15,88.0,171878.0,-10.75,0.473,0.577,6,0,0
Energy,67.8,9.18,60.0,2109.0,-9.58,0.515,0.707,9,1,0
Tech,62.3,9.82,31.0,15597.0,-1.75,0.422,0.615,5,1,0
Industrial,42.3,9.92,3.0,25924.0,-6.34,0.45,0.522,6,2,0
Energy,45.3,6.54,28.0,4140.0,8.36,0.413,0.515,4,3,1
Consumer,70.4,12.99,32.0,843.0,-24.2,0.503,0.722,3,2,0
Utilities,50.0,10.08,132.0,77.0,-11.77,0.447,0.502,9,3,1
Industrial,48.9,10.89,51.0,8319.0,28.09,0.41,0.737,3,0,0
Pharma,40.7,11.9,19.0,878.0,-8.92,0.36,0.783,9,2,0
Finance,61.4,7.96,37.0,3882.0,23.65,0.412,0.35,4,1,0
Energy,85.9,10.95,3.0,457.0,10.33,0.473,0.77,8,0,0
Consumer,39.0,9.46,180.0,2002.0,-22.14,0.44,0.909,3,2,0
Industrial,55.4,11.69,22.0,3136.0,14.53,0.457,0.638,3,2,0
Consumer,76.2,5.75,32.0,4460.0,3.23,0.601,0.69,5,3,0
Pharma,53.8,9.8,22.0,560.0,-1.83,0.44,0.756,8,1,0
Tech,61.8,8.79,57.0,17950.0,8.67,0.303,0.559,3,1,0
Consumer,39.1,10.86,54.0,1218.0,12.12,0.533,0.627,4,1,0
Industrial,61.4,10.94,63.0,242.0,15.61,0.195,0.403,8,2,0
Consumer,52.2,8.58,16.0,2531.0,22.67,0.238,0.621,3,1,0
Consumer,69.8,8.58,19.0,3139.0,11.12,0.45,0.675,3,1,0
Consumer,72.8,9.78,7.0,3793.0,-15.63,0.477,0.677,2,0,0
Mining,93.8,8.21,53.0,22999.0,-2.1,0.213,0.76,7,1,0
Mining,63.7,11.68,2.0,2091.0,49.15,0.343,0.484,2,2,0
Tech,59.9,9.26,46.0,2491.0,15.87,0.309,0.52,6,1,0
Energy,57.9,4.19,102.0,570.0,40.54,0.327,0.884,5,3,0
Consumer,49.7,9.25,111.0,10207.0,25.93,0.542,0.577,6,1,0
Pharma,60.1,7.92,30.0,3930.0,8.63,0.506,0.63,2,3,0
Energy,50.6,6.74,31.0,1588.0,9.52,0.397,0.59,10,2,0
Pharma,57.5,7.53,4.0,171.0,4.45,0.318,0.477,3,0,0
Energy,74.8,10.22,56.0,26020.0,-21.07,0.198,0.844,6,2,0
Tech,39.9,12.66,86.0,473.0,5.27,0.613,0.521,5,0,1
Consumer,72.1,10.63,14.0,1228.0,23.16,0.489,0.431,7,2,0
Consumer,74.8,8.79,27.0,5103.0,-3.99,0.294,0.532,6,5,0
Finance,53.2,10.91,91.0,495.0,11.18,0.508,0.3,7,1,0
Pharma,23.2,9.08,105.0,317.0,17.77,0.389,0.502,4,1,1
Energy,45.9,8.61,14.0,123.0,-8.65,0.357,0.455,7,1,0
Energy,74.5,7.69,40.0,8791.0,-1.77,0.465,0.693,2,0,0
Utilities,54.7,6.5,11.0,1316.0,-10.27,0.289,0.499,6,0,0
Utilities,40.0,9.22,5.0,240603.0,-7.33,0.348,0.733,7,3,0
Mining,47.4,10.32,121.0,671.0,-14.31,0.418,0.81,5,1,1
Finance,67.6,9.81,86.0,748.0,-8.51,0.325,0.717,4,0,0
Industrial,63.2,9.17,71.0,1277.0,26.29,0.5,0.568,5,0,0
Utilities,51.4,8.11,2.0,4293.0,-8.73,0.68,0.621,2,3,0
Industrial,49.5,11.22,93.0,1472.0,6.9,0.287,0.371,8,0,0
Mining,49.1,7.37,29.0,7469.0,-2.54,0.15,0.58,5,2,1
Mining,41.2,11.55,21.0,687.0,22.68,0.1,0.471,6,4,0
Mining,79.2,8.0,40.0,375.0,24.67,0.377,0.704,5,0,0
Pharma,50.2,8.5,5.0,201.0,17.96,0.301,0.986,6,0,0
Pharma,73.3,7.07,71.0,106.0,9.59,0.431,0.675,8,1,0
Tech,77.8,9.0,44.0,1370.0,1.53,0.42,0.301,7,4,1
Tech,70.0,11.95,10.0,1898.0,-12.88,0.16,0.546,0,2,0
Mining,48.5,11.03,10.0,1156.0,34.15,0.128,0.618,4,1,0
Finance,61.1,11.96,10.0,19247.0,-6.4,0.444,0.613,7,5,0
Energy,54.6,11.04,3.0,18808.0,14.95,0.42,0.49,7,0,0
Pharma,41.4,7.79,44.0,1804.0,20.89,0.336,0.637,2,1,0
Finance,59.9,9.34,92.0,202.0,-3.33,0.151,0.414,3,3,0
Consumer,37.3,8.44,1.0,1274.0,20.57,0.471,0.458,9,0,0
Pharma,72.8,12.66,3.0,1212.0,16.46,0.591,0.697,7,1,0
Pharma,48.0,7.61,43.0,1112.0,30.92,0.442,0.448,8,2,1
Tech,58.0,11.79,86.0,1047.0,-2.04,0.273,0.681,4,3,1
Energy,59.2,11.79,20.0,1119.0,-14.29,0.407,0.395,2,1,0
Energy,51.1,13.66,22.0,1669.0,-2.58,0.195,0.865,6,3,0
Utilities,63.8,9.18,45.0,1149.0,8.13,0.559,0.484,2,0,0
Industrial,47.9,11.42,16.0,4074.0,5.87,0.412,0.566,4,1,0
Industrial,68.1,14.56,1.0,5118.0,-0.9,0.135,0.65,9,2,1
Industrial,34.8,8.76,66.0,761.0,-23.64,0.355,0.515,4,0,0
Industrial,56.9,6.93,49.0,20062.0,12.06,0.469,0.622,3,2,0
Consumer,84.1,6.24,43.0,685.0,34.59,0.35,0.686,4,2,0
Consumer,40.0,11.43,68.0,263.0,11.96,0.359,0.744,2,0,0
Pharma,44.8,6.23,56.0,5277.0,14.14,0.216,0.719,7,3,1
Mining,62.7,9.26,12.0,875.0,13.59,0.485,0.574,7,1,0
Tech,57.7,10.87,22.0,4827.0,10.96,0.303,0.578,2,2,0
Tech,60.3,10.37,7.0,81.0,18.97,0.077,0.952,4,2,0
Industrial,62.3,10.85,7.0,24069.0,10.93,0.344,0.742,4,1,0
Pharma,64.5,10.44,56.0,8172.0,0.31,0.547,0.462,5,1,0
Utilities,71.6,12.56,98.0,314.0,-6.94,0.342,0.615,6,0,0
Finance,61.1,8.1,164.0,324.0,1.27,0.661,0.55,6,0,0
Mining,51.4,8.65,49.0,36622.0,9.71,0.464,0.58,8,2,0
Pharma,65.1,8.45,10.0,986.0,0.26,0.451,0.416,4,1,0
Mining,83.5,11.66,6.0,853.0,9.72,0.381,0.538,1,1,0
Mining,53.0,11.8,84.0,100.0,11.59,0.39,0.872,4,0,0
Mining,40.4,10.9,43.0,1761.0,17.5,0.36,0.687,6,0,0
Pharma,71.6,12.37,48.0,2118.0,24.24,0.355,0.226,3,2,0
Industrial,53.2,7.64,76.0,8719.0,6.17,0.48,0.783,4,1,0
Tech,22.4,13.33,61.0,366.0,-14.62,0.26,0.763,1,0,0
Tech,67.7,13.05,90.0,305.0,-0.18,0.239,0.546,7,3,0
Industrial,47.0,11.47,3.0,5863.0,5.66,0.232,0.708,2,1,0
Mining,53.6,13.56,69.0,13495.0,-22.54,0.707,0.471,9,1,0
Finance,60.0,6.69,95.0,282.0,25.83,0.48,0.529,6,0,0
Energy,57.9,8.95,17.0,15097.0,7.14,0.446,0.825,5,2,0
Pharma,65.6,8.53,51.0,3154.0,10.72,0.241,0.559,10,1,0
Energy,48.5,11.44,19.0,15332.0,25.48,0.494,0.32,7,1,0
Utilities,62.7,7.9,158.0,2683.0,-4.45,0.383,0.591,5,1,0
Industrial,51.1,11.51,2.0,68.0,13.61,0.432,0.588,4,2,1
Finance,66.1,12.74,43.0,2373.0,3.35,0.254,0.78,11,3,0
Pharma,64.2,11.39,9.0,14621.0,2.24,0.424,0.602,4,1,0
Industrial,41.0,10.57,62.0,780.0,-6.58,0.336,0.537,3,2,0
Mining,71.3,8.02,10.0,1666.0,29.98,0.285,0.757,1,0,0
Tech,47.0,8.31,13.0,2289.0,-0.63,0.51,0.618,7,2,0
Energy,67.1,12.5,34.0,39.0,15.49,0.169,0.487,5,2,0
Consumer,60.5,11.56,123.0,36571.0,-23.13,0.485,0.773,7,0,1
Consumer,82.6,9.92,12.0,771.0,22.7,0.503,0.629,5,2,0
Finance,51.6,9.16,8.0,6365.0,20.78,0.268,0.6,2,0,0
Mining,49.8,5.95,71.0,2617.0,6.46,0.277,0.627,5,1,0
Utilities,54.7,7.86,35.0,19662.0,1.6,0.367,0.439,9,2,1
Energy,50.5,13.82,121.0,5481.0,11.0,0.442,0.521,11,3,1
Mining,67.0,7.44,8.0,2096.0,39.33,0.377,0.601,6,1,0
Energy,30.8,10.38,52.0,780.0,-21.45,0.465,0.571,6,0,1
Finance,39.2,12.01,13.0,9865.0,16.73,0.664,0.791,3,1,0
Finance,39.0,7.49,9.0,179.0,-8.67,0.324,0.633,8,1,0
Utilities,69.3,10.37,58.0,7854.0,4.7,0.143,0.728,3,2,0
Consumer,80.7,11.88,45.0,573.0,1.28,0.524,0.601,8,2,1
Mining,53.4,10.02,70.0,19505.0,-1.42,0.652,0.758,7,2,1
Pharma,52.5,15.74,19.0,3797.0,4.84,0.459,0.66,6,2,0
Consumer,56.1,6.66,30.0,7834.0,-12.01,0.237,0.602,6,3,0
Mining,72.4,12.12,26.0,3371.0,20.44,0.381,0.598,3,2,0
Consumer,41.1,9.65,207.0,215.0,-21.91,0.232,0.457,7,1,0
Pharma,58.6,11.54,17.0,820.0,13.1,0.496,0.676,4,4,1
Tech,69.6,10.88,17.0,8173.0,0.1,0.197,0.594,4,2,0
Tech,62.5,8.53,22.0,3828.0,-12.56,0.355,0.525,10,1,0
Utilities,57.8,10.46,42.0,17527.0,8.04,0.249,0.766,6,2,1
Tech,70.0,6.28,15.0,5458.0,-18.35,0.419,0.412,2,2,0
Tech,14.5,11.21,123.0,699.0,5.6,0.345,0.537,4,2,0
Industrial,65.2,10.6,15.0,903.0,-16.34,0.427,0.754,3,2,0
Energy,45.2,11.28,113.0,3479.0,11.92,0.403,0.647,9,3,1
Industrial,27.5,12.12,5.0,93.0,-8.87,0.252,0.593,6,1,0
Industrial,62.7,10.74,53.0,36686.0,-1.76,0.494,0.638,3,3,0
Utilities,75.6,10.3,119.0,5783.0,9.41,0.393,0.627,7,3,0
Industrial,52.9,8.24,9.0,18780.0,-6.59,0.252,0.373,5,3,0
Tech,69.3,8.58,173.0,278.0,4.13,0.736,0.548,7,2,0
Pharma,79.2,12.37,30.0,19280.0,-17.71,0.471,0.842,7,2,0
Utilities,74.7,12.87,146.0,84732.0,14.46,0.377,0.501,2,1,0
Utilities,79.6,9.52,56.0,411.0,31.47,0.612,0.552,7,1,0
Finance,66.1,10.09,18.0,9482.0,46.88,0.676,0.519,3,3,1
Utilities,56.1,8.19,10.0,2986.0,6.37,0.378,0.587,7,1,0
Finance,31.0,12.35,18.0,294.0,16.82,0.452,0.513,5,1,1
Utilities,51.3,11.33,5.0,6244.0,-21.71,0.252,0.673,8,0,0
Energy,42.4,13.88,8.0,10409.0,27.54,0.378,0.63,3,3,0
Tech,87.6,8.24,6.0,1210.0,16.64,0.37,0.716,7,4,0
Utilities,52.4,9.24,27.0,17135.0,-2.26,0.428,0.442,4,2,0
Tech,56.8,10.46,79.0,245.0,23.56,0.45,0.549,3,3,0
Tech,63.3,11.29,8.0,317.0,1.18,0.484,0.566,3,0,0
Consumer,55.7,9.57,7.0,3659.0,-1.87,0.436,0.668,2,2,0
Utilities,80.4,8.25,52.0,3097.0,12.13,0.218,0.481,9,1,1
Mining,45.7,11.76,11.0,1018.0,-10.95,0.259,0.737,10,2,0
Consumer,57.9,11.44,5.0,10041.0,20.32,0.318,0.778,7,2,0
Mining,43.9,8.17,9.0,6610.0,-10.84,0.358,0.452,7,3,0
Tech,35.2,12.71,129.0,10799.0,-10.75,0.558,0.526,4,0,0
Tech,45.8,12.34,86.0,2478.0,-8.65,0.226,0.52,4,1,0
Consumer,54.4,10.27,22.0,7360.0,16.39,0.346,0.995,5,1,0
Consumer,48.6,10.16,53.0,1528.0,-4.25,0.543,0.536,3,1,0
Mining,44.6,11.11,39.0,64908.0,-15.22,0.355,0.852,7,3,0
Finance,33.9,8.28,57.0,881.0,-4.09,0.469,0.41,4,1,0
Mining,53.8,10.06,57.0,70119.0,4.52,0.379,0.452,4,0,0
Consumer,32.4,5.7,50.0,3141.0,-12.71,0.439,0.497,4,4,1
Pharma,66.4,11.75,15.0,379.0,-12.28,0.366,0.473,8,3,1
Consumer,56.2,6.88,2.0,23205.0,36.67,0.5,0.56,5,1,0
Pharma,33.1,13.01,30.0,3601.0,-7.91,0.168,0.494,3,1,0
Energy,50.4,9.34,111.0,10686.0,0.15,0.346,0.477,11,1,0
Consumer,43.7,9.58,42.0,18691.0,-0.51,0.444,0.774,7,2,0
Energy,59.8,8.74,89.0,4949.0,-1.32,0.48,0.784,5,1,0
Finance,75.1,9.42,239.0,1226.0,14.32,0.624,0.742,6,2,0
Mining,26.9,12.84,9.0,12882.0,19.22,0.341,0.679,2,1,0
Pharma,56.7,5.02,59.0,2984.0,0.41,0.622,0.614,1,1,0
Mining,52.6,12.55,56.0,8340.0,-13.55,0.301,0.525,3,1,0
Energy,65.1,10.68,195.0,118.0,24.12,0.599,0.457,5,6,0
Pharma,58.2,7.59,212.0,5828.0,3.57,0.523,0.654,7,2,1
Mining,43.7,7.85,58.0,1144.0,30.95,0.263,0.424,3,0,0
Consumer,50.2,13.35,14.0,35595.0,-28.68,0.446,0.451,4,1,1
Tech,43.1,8.11,80.0,7590.0,7.93,0.392,0.773,2,1,0
Energy,71.1,7.69,6.0,4272.0,33.78,0.494,0.885,5,5,0
Mining,55.3,12.27,76.0,6182.0,-0.3,0.367,0.659,2,1,0
Energy,83.5,10.68,121.0,667.0,1.62,0.354,0.766,5,1,0
Industrial,54.1,8.12,24.0,34026.0,9.43,0.605,0.563,7,3,0
Energy,44.4,10.43,50.0,59104.0,-3.38,0.385,0.399,3,2,0
Pharma,32.3,7.95,28.0,5374.0,0.32,0.524,0.692,6,5,1
Industrial,28.0,12.2,29.0,32390.0,-0.07,0.366,0.685,3,1,0
Utilities,31.2,12.12,19.0,1269.0,-4.41,0.65,0.611,10,0,0
Pharma,59.0,11.06,72.0,902.0,23.43,0.298,0.564,5,3,0
Tech,62.6,10.72,138.0,3170.0,11.92,0.308,0.744,3,2,0
Industrial,31.3,13.52,141.0,5724.0,8.76,0.629,0.452,7,2,0
Utilities,68.4,10.0,10.0,1651.0,17.13,0.333,0.484,3,1,0
Consumer,47.8,7.64,104.0,6679.0,1.03,0.64,0.449,5,3,0
Energy,57.2,10.9,67.0,4720.0,-6.61,0.534,0.613,4,1,0
Mining,79.2,14.17,15.0,667.0,-4.04,0.377,0.437,7,0,0
Finance,68.5,7.97,3.0,6491.0,5.03,0.128,0.497,4,1,0
Energy,51.0,9.28,16.0,10887.0,-10.89,0.397,0.494,4,2,1
Utilities,41.6,10.83,122.0,3855.0,-2.5,0.415,0.561,3,1,0
Energy,22.7,9.89,50.0,16797.0,-2.74,0.575,0.377,6,0,1
Tech,44.2,8.04,64.0,480.0,36.87,0.638,0.613,10,2,0
Consumer,51.8,12.24,15.0,6014.0,-36.61,0.297,0.787,3,2,0
Finance,40.2,14.64,64.0,515.0,2.31,0.52,0.62,5,3,1
Industrial,53.0,10.39,1.0,561.0,30.89,0.515,0.831,4,2,0
Industrial,56.2,8.19,24.0,1157.0,6.83,0.561,0.8,5,0,0
Industrial,51.6,6.9,49.0,726.0,16.3,0.475,0.717,2,0,0
Utilities,45.2,10.52,8.0,1310.0,6.5,0.109,0.611,3,0,0
Pharma,57.5,12.21,87.0,2162.0,-5.01,0.377,0.603,4,1,0
Pharma,61.6,10.95,13.0,10464.0,-28.63,0.227,0.715,6,2,0
Mining,38.6,10.0,53.0,1841.0,8.08,0.37,0.541,7,2,1
Finance,76.2,8.82,26.0,276.0,-6.63,0.547,0.318,4,2,0
Industrial,53.5,7.82,45.0,16483.0,-7.01,0.446,0.674,7,0,0
Pharma,55.3,11.67,6.0,849.0,-2.48,0.572,0.43,4,1,0
Utilities,65.6,11.83,1.0,2730.0,31.17,0.451,0.456,5,1,0
Mining,58.5,6.91,120.0,5824.0,41.07,0.205,0.6,6,1,0
Consumer,69.3,13.18,16.0,4022.0,8.26,0.022,0.586,9,2,0
Mining,59.3,11.15,86.0,15387.0,-1.97,0.422,0.388,3,1,0
Pharma,45.8,12.8,367.0,6115.0,-12.66,0.368,0.625,9,1,1
Tech,60.4,7.32,12.0,819.0,12.03,0.253,0.745,6,2,0
Utilities,37.8,7.27,15.0,78264.0,31.74,0.145,0.431,2,1,1
Tech,56.6,9.7,54.0,3990.0,1.29,0.29,0.791,9,0,0
Industrial,54.5,11.01,168.0,2390.0,-30.68,0.371,0.366,4,2,0
Tech,51.9,13.59,124.0,12656.0,15.05,0.5,0.918,5,2,0
Industrial,53.1,11.41,35.0,4334.0,19.78,0.428,0.538,5,4,0
Industrial,26.8,9.51,79.0,5425.0,-18.79,0.641,0.622,4,4,1
Pharma,46.8,7.95,7.0,125276.0,7.65,0.245,0.316,3,2,0
Tech,56.4,12.46,190.0,1973.0,11.77,0.532,0.591,5,1,0
Industrial,57.4,8.07,167.0,1851.0,3.9,0.407,0.634,4,3,0
Finance,39.6,13.26,9.0,3551.0,-6.86,0.504,0.587,3,0,0
Consumer,74.0,9.43,18.0,14873.0,20.24,0.335,0.516,5,2,0
Mining,42.0,13.18,5.0,311.0,-1.05,0.561,0.458,6,0,0
Mining,69.5,11.36,16.0,156.0,-17.28,0.444,0.77,9,2,1
Pharma,61.4,9.73,85.0,1236.0,-25.74,0.298,0.605,3,2,1
Tech,45.3,8.96,24.0,257.0,23.91,0.398,0.831,5,3,0
Tech,81.6,9.32,5.0,1576.0,14.25,0.364,0.521,7,2,0
Industrial,37.1,10.86,21.0,6334.0,6.32,0.473,0.535,5,2,0
Utilities,68.8,10.15,199.0,784.0,-1.6,0.223,0.722,2,1,0
Energy,70.0,8.81,50.0,351.0,-2.93,0.396,0.357,5,0,0
Industrial,44.9,9.67,27.0,3308.0,-11.14,0.459,0.418,7,0,0
Consumer,75.9,10.16,9.0,10871.0,-1.47,0.405,0.765,8,1,0
Finance,51.2,5.74,214.0,235.0,-26.8,0.602,0.424,2,4,1
Mining,59.3,10.92,86.0,10202.0,-6.04,0.516,0.327,3,0,0
Industrial,58.9,8.04,17.0,10157.0,0.34,0.399,0.88,6,0,1
Energy,53.0,7.69,4.0,12471.0,14.15,0.433,0.391,3,0,0
Energy,67.2,6.63,3.0,18541.0,4.4,0.444,0.628,6,1,0
Industrial,66.9,6.41,6.0,81066.0,16.92,0.46,0.61,10,1,0
Pharma,28.8,7.29,43.0,1747.0,25.24,0.126,0.2,2,1,0
Mining,74.6,8.58,132.0,3513.0,20.87,0.355,0.56,6,1,0
Pharma,30.1,13.91,34.0,1596.0,12.06,0.177,0.667,5,0,0
Finance,70.5,8.95,93.0,2990.0,5.18,0.592,0.653,3,1,0
Energy,71.9,10.36,30.0,29712.0,-9.71,0.391,0.736,4,2,1
Energy,38.6,10.8,62.0,396.0,16.1,0.371,0.542,5,2,1
Consumer,48.8,10.26,66.0,819.0,30.2,0.535,0.707,5,0,0
Finance,38.4,9.85,10.0,23524.0,10.13,0.463,0.497,9,2,0
Energy,51.8,7.61,22.0,13767.0,33.76,0.231,0.388,6,1,0
Finance,50.4,12.9,51.0,1729.0,-17.88,0.389,0.405,4,1,0
Mining,66.7,13.61,4.0,10739.0,-12.31,0.35,0.381,3,2,0
Tech,74.7,6.63,22.0,4973.0,17.83,0.138,0.751,4,0,0
Energy,75.9,7.95,38.0,28294.0,8.96,0.296,0.373,2,1,0
Consumer,46.6,9.44,279.0,3333.0,24.71,0.372,0.641,5,1,0
Mining,51.9,8.07,32.0,13883.0,4.77,0.383,0.56,4,2,0
Industrial,29.7,11.01,85.0,156846.0,-8.02,0.178,0.585,2,0,1
Finance,42.9,8.54,28.0,7311.0,1.8,0.573,0.805,5,0,0
Industrial,69.5,14.33,80.0,3210.0,-17.99,0.385,0.534,11,0,0
Pharma,79.2,12.38,45.0,8810.0,-11.93,0.406,0.692,4,1,1
Mining,36.5,10.43,109.0,1723.0,19.59,0.46,0.606,6,3,0
Industrial,46.1,12.05,26.0,107146.0,18.09,0.282,0.577,2,2,1
Utilities,54.6,12.21,46.0,3905.0,10.45,0.468,0.945,4,2,0
Utilities,59.2,8.87,50.0,1980.0,-20.82,0.345,0.384,9,1,0
Energy,42.9,8.37,27.0,851.0,-0.38,0.266,0.793,2,0,0
Finance,61.4,10.16,8.0,15457.0,-13.37,0.486,0.698,5,0,0
Tech,47.9,11.72,5.0,10947.0,22.65,0.624,0.528,4,0,0
Mining,54.8,10.28,1.0,1414.0,-3.76,0.509,0.844,5,2,0
Energy,63.2,6.85,103.0,7078.0,-11.29,0.538,0.323,3,1,0
Consumer,55.1,8.39,13.0,310.0,5.45,0.322,0.522,4,3,1
Pharma,48.5,9.85,12.0,3934.0,-4.6,0.16,0.419,5,1,0
Finance,53.4,9.85,67.0,5879.0,27.26,0.624,0.662,7,1,0
Mining,53.7,13.95,19.0,38600.0,-6.02,0.708,0.433,6,1,0
Utilities,49.4,7.23,35.0,938.0,-15.99,0.631,0.665,5,3,0
Mining,51.1,11.01,9.0,438.0,-27.29,0.35,0.572,7,2,1
Tech,79.0,12.98,161.0,778.0,4.54,0.227,0.528,5,4,1
Utilities,63.4,14.54,95.0,401.0,-3.43,0.24,0.658,9,1,1
Tech,50.6,9.19,100.0,22137.0,-16.43,0.147,0.56,5,2,0
Consumer,65.5,10.98,26.0,30423.0,22.84,0.384,0.437,5,3,0
Pharma,50.0,11.14,72.0,4819.0,15.01,0.641,1.0,8,3,1
Consumer,72.6,10.39,8.0,18619.0,4.58,0.379,0.527,4,0,0
Energy,60.5,9.8,0.0,3644.0,25.46,0.445,0.267,2,2,0
Energy,53.4,10.87,1.0,2585.0,14.94,0.606,0.474,5,1,0
Consumer,61.7,4.94,44.0,1809.0,-7.34,0.339,0.41,3,2,0
Pharma,31.4,11.36,30.0,1871.0,-10.59,0.705,0.724,2,2,1
Consumer,38.1,10.25,36.0,292.0,17.27,0.699,0.648,5,0,0
Pharma,37.1,9.56,0.0,4431.0,10.95,0.38,0.66,8,3,1
Pharma,57.1,14.09,27.0,2806.0,7.55,0.313,0.544,3,6,1
Industrial,81.0,8.65,63.0,9118.0,-7.7,0.505,0.558,4,1,0
Utilities,88.5,9.19,29.0,3430.0,14.12,0.348,0.544,11,2,0
Finance,64.6,13.98,66.0,2335.0,-6.33,0.227,0.588,4,0,0
Pharma,62.5,8.34,13.0,807.0,3.47,0.592,0.725,7,1,0
Tech,28.0,8.9,84.0,3322.0,26.7,0.582,0.65,1,3,0
Pharma,46.9,9.71,44.0,9021.0,-4.91,0.423,0.675,3,1,0
Pharma,43.2,11.68,12.0,536.0,-18.59,0.211,0.675,2,3,0
Pharma,45.7,10.42,14.0,3399.0,-10.79,0.216,0.733,6,2,0
Industrial,52.5,7.41,49.0,4228.0,19.91,0.416,0.643,3,2,0
Utilities,47.9,8.94,89.0,1015.0,8.82,0.325,0.654,5,2,0
Industrial,25.3,8.79,27.0,1234.0,3.07,0.349,0.778,8,1,0
Energy,66.2,9.85,15.0,4213.0,-2.64,0.553,0.5,8,1,0
Industrial,38.9,10.85,101.0,545.0,12.28,0.51,0.472,2,0,0
Tech,58.6,10.84,55.0,5039.0,-7.74,0.607,0.422,6,1,0
Tech,86.1,6.45,30.0,778.0,9.58,0.251,0.627,7,0,0
Industrial,41.2,12.13,33.0,14681.0,-5.97,0.349,0.322,3,1,0
Utilities,17.0,10.51,11.0,99384.0,-8.46,0.514,0.669,4,1,0
Consumer,50.7,12.77,49.0,820.0,-4.56,0.467,0.584,8,3,1
Finance,71.5,10.89,22.0,6643.0,-0.63,0.63,0.77,6,2,0
Utilities,84.4,12.2,272.0,1002.0,4.27,0.463,0.499,5,1,1
Industrial,36.6,10.93,33.0,14206.0,8.53,0.677,0.57,2,2,0
Pharma,62.5,12.69,33.0,447.0,-50.33,0.481,0.768,6,1,0
Mining,48.0,11.04,42.0,6130.0,-7.11,0.559,0.807,5,2,0
Finance,53.4,9.8,124.0,805.0,-0.87,0.351,0.498,8,3,1
Finance,94.7,14.54,81.0,2185.0,27.58,0.402,0.627,3,0,0
Tech,32.5,11.78,30.0,635.0,-11.2,0.537,0.644,5,2,0
Finance,58.8,11.15,63.0,10235.0,7.44,0.642,0.656,4,1,0
Industrial,62.0,7.45,44.0,849.0,27.43,0.509,0.561,7,1,0
Pharma,71.3,7.42,34.0,6822.0,-14.69,0.388,0.792,9,0,0
Pharma,56.5,10.59,11.0,1779.0,10.91,0.607,0.317,6,2,0
Energy,59.6,10.29,31.0,2511.0,-7.03,0.071,0.537,13,1,0
Pharma,49.1,8.77,14.0,3721.0,-2.57,0.187,0.667,3,2,0
Utilities,59.0,10.28,123.0,951.0,-7.05,0.502,0.669,7,3,1
Pharma,49.9,13.18,20.0,4087.0,-5.98,0.402,0.803,5,2,0
Tech,64.3,11.39,152.0,29599.0,45.83,0.491,0.78,6,1,0
Pharma,49.5,7.72,38.0,928.0,17.67,0.41,0.557,11,2,0
Energy,60.7,9.78,50.0,17287.0,21.53,0.486,0.795,7,1,1
Mining,54.6,8.39,39.0,28202.0,12.38,0.278,0.493,4,0,0
Industrial,71.9,9.22,7.0,876.0,-19.09,0.486,0.74,8,1,0
Tech,54.2,9.17,24.0,336.0,10.92,0.549,0.872,6,1,0
Utilities,28.4,9.04,5.0,4689.0,21.09,0.583,0.782,4,0,0
Mining,73.9,7.49,49.0,1311.0,-7.8,0.702,0.616,4,3,0
Tech,41.4,9.74,30.0,49163.0,19.48,0.437,0.55,7,2,0
Consumer,45.2,8.88,75.0,3141.0,15.57,0.441,0.371,8,2,0
Finance,46.1,4.14,12.0,895.0,32.78,0.172,0.647,3,1,0
Consumer,75.6,14.11,9.0,533.0,-1.27,0.32,0.433,8,0,0
Pharma,23.0,12.18,26.0,15289.0,-11.46,0.371,0.481,6,2,0
Mining,95.0,9.25,131.0,1266.0,-0.42,0.558,0.421,8,2,1
Pharma,70.8,10.04,62.0,3184.0,26.53,0.308,0.531,3,2,0
Finance,58.3,7.66,27.0,12503.0,-22.43,0.519,0.596,3,0,0
Tech,54.2,13.39,36.0,1442.0,-26.03,0.4,0.641,7,0,0
Finance,59.3,13.79,4.0,2783.0,6.34,0.373,0.51,6,1,0
Energy,62.8,10.31,209.0,2908.0,-1.64,0.437,0.76,6,1,1
Finance,64.7,12.05,55.0,8308.0,5.12,0.341,0.569,4,2,0
Energy,63.3,10.35,17.0,7231.0,19.18,0.336,0.482,3,2,0
Finance,56.3,7.33,44.0,2143.0,-3.29,0.144,0.634,7,2,0
Industrial,52.0,9.18,6.0,3280.0,-23.1,0.363,0.895,7,1,0
Energy,52.7,10.26,169.0,1707.0,35.67,0.328,0.65,7,0,0
Mining,52.1,9.09,10.0,325.0,-9.96,0.323,0.546,5,0,1
Pharma,72.0,9.56,52.0,4387.0,-10.89,0.463,0.371,4,4,0
Utilities,63.9,9.82,14.0,50934.0,21.56,0.499,0.567,4,0,0
Pharma,10.9,9.84,63.0,792.0,-0.77,0.435,0.635,7,2,0
Consumer,64.8,10.1,75.0,935.0,4.05,0.549,0.542,5,0,1
Pharma,57.9,7.88,56.0,807.0,12.24,0.486,0.35,4,1,1
Tech,54.7,8.57,48.0,8839.0,21.25,0.356,0.472,3,0,1
Industrial,49.2,7.43,111.0,5841.0,-0.0,0.331,0.818,3,1,0
Finance,71.9,11.96,4.0,2350.0,27.8,0.447,0.815,3,4,0
Consumer,69.2,5.79,20.0,752.0,-27.04,0.486,0.467,6,0,1
Tech,43.4,12.31,14.0,3424.0,16.4,0.61,0.701,5,1,0
Tech,61.1,12.77,221.0,285.0,-7.59,0.579,0.423,5,2,0
Energy,40.4,9.4,25.0,3696.0,25.58,0.319,0.811,4,1,1
Pharma,34.3,4.79,66.0,11018.0,7.13,0.385,0.637,8,2,1
Mining,45.6,9.28,58.0,456.0,-5.09,0.501,0.742,7,3,1
Utilities,67.9,9.87,12.0,299.0,14.94,0.56,0.343,4,1,0
Mining,69.3,7.98,14.0,31862.0,18.4,0.541,0.702,3,1,0
Consumer,62.7,8.97,17.0,1191.0,14.63,0.39,0.599,4,1,0
Industrial,65.9,13.06,26.0,16382.0,-10.45,0.212,0.728,7,0,0
Mining,62.7,11.33,13.0,2366.0,-2.26,0.25,0.737,9,3,0
Finance,45.4,8.15,1.0,2338.0,4.94,0.441,0.61,8,1,1
Mining,61.5,6.8,106.0,5754.0,4.38,0.451,0.51,3,3,0
Consumer,67.0,9.35,168.0,792.0,16.25,0.235,0.717,5,1,0
Utilities,66.3,9.57,21.0,3636.0,-25.22,0.407,0.591,6,1,0
Mining,72.8,10.99,21.0,1682.0,10.01,0.495,0.469,7,0,0
Finance,65.6,8.93,0.0,411.0,0.65,0.227,0.462,6,1,0
Energy,60.3,11.02,57.0,4945.0,-7.58,0.566,0.378,5,4,0
Industrial,71.1,13.87,87.0,2008.0,-6.14,0.343,0.523,8,2,0
Consumer,54.6,11.63,8.0,2355.0,1.78,0.589,0.765,7,3,1
Energy,41.8,9.9,9.0,485.0,-49.02,0.32,0.627,4,1,0
Energy,52.6,9.63,78.0,32438.0,-5.52,0.246,0.521,6,0,0
Energy,43.8,9.29,48.0,11104.0,-8.14,0.331,0.721,9,2,1
Tech,44.9,12.36,2.0,12660.0,12.99,0.386,0.475,6,1,0
Industrial,52.8,8.75,49.0,1885.0,-7.08,0.342,0.614,5,2,0
Utilities,43.1,10.09,18.0,223.0,1.77,0.368,0.573,4,1,0
Pharma,50.4,10.1,23.0,55791.0,28.13,0.45,0.717,3,2,0
Industrial,26.6,9.0,73.0,2720.0,19.92,0.374,0.363,0,2,1
Tech,58.2,7.26,83.0,970.0,18.53,0.39,0.472,6,0,0
Pharma,55.0,10.65,26.0,5570.0,-2.5,0.144,0.354,3,0,0
Industrial,42.7,9.88,147.0,17166.0,13.15,0.459,0.561,4,2,0
Energy,64.9,11.0,26.0,2880.0,1.49,0.387,0.782,4,2,0
Consumer,69.1,8.93,74.0,20290.0,2.06,0.642,0.524,8,2,1
Pharma,30.9,12.44,33.0,15131.0,11.15,0.259,0.523,3,3,0
Finance,43.6,8.25,114.0,593.0,-3.95,0.129,0.731,4,2,1
Finance,43.5,13.42,119.0,1085.0,27.4,0.493,0.76,2,1,0
Mining,40.9,6.5,5.0,12535.0,2.6,0.452,0.587,5,2,0
Pharma,67.4,10.87,138.0,51.0,14.28,0.249,0.703,7,2,0
Consumer,52.1,10.95,87.0,2382.0,26.83,0.171,0.438,9,1,1
Utilities,51.0,8.41,78.0,349.0,20.47,0.631,0.807,8,3,0
Tech,24.9,10.85,11.0,1459.0,-16.13,0.612,0.922,10,0,0
Energy,64.5,12.56,82.0,1904.0,11.67,0.027,0.678,6,3,0
Mining,36.4,5.57,95.0,1742.0,17.76,0.331,0.287,14,1,1
Finance,55.9,11.01,17.0,1302.0,18.38,0.65,0.516,3,1,0
Tech,59.2,5.01,152.0,575.0,-11.7,0.329,0.692,6,1,0
Tech,75.4,8.07,3.0,92769.0,-4.86,0.326,0.537,8,1,0
Energy,35.4,13.26,8.0,49079.0,19.92,0.358,0.791,4,0,0
Utilities,10.0,8.84,39.0,522.0,-6.43,0.232,0.688,6,1,0
Utilities,57.8,7.65,43.0,31990.0,0.5,0.144,0.494,8,1,0
Pharma,82.0,9.6,52.0,1637.0,28.64,0.558,0.605,9,4,0
Finance,73.6,14.14,1.0,3618.0,4.28,0.124,0.466,6,0,0
Utilities,58.1,6.34,161.0,2711.0,-5.9,0.437,0.573,9,2,1
Consumer,47.6,7.9,2.0,1108.0,-8.16,0.533,0.517,1,0,0
Utilities,67.1,12.99,8.0,13040.0,9.99,0.182,0.776,6,3,0
Tech,40.4,13.72,1.0,3601.0,-15.0,0.261,0.917,6,1,0
Energy,62.1,9.79,42.0,1459.0,1.29,0.582,0.385,7,3,0
Consumer,62.6,7.52,135.0,421.0,10.0,0.48,0.312,4,0,0
Pharma,70.9,14.19,55.0,780.0,24.49,0.307,0.563,13,2,0
Finance,95.0,13.19,86.0,254.0,15.01,0.58,0.372,3,2,0
Pharma,60.9,11.36,1.0,3036.0,-5.71,0.581,0.607,5,2,0
Tech,47.4,8.38,39.0,495.0,22.68,0.44,0.712,4,4,0
Consumer,54.6,9.9,31.0,2002.0,0.51,0.265,0.824,4,2,0
Consumer,28.5,9.68,35.0,23275.0,-13.54,0.338,0.63,8,0,0
Consumer,44.6,10.66,4.0,18015.0,2.42,0.443,0.571,3,2,0
Tech,48.9,12.9,58.0,2840.0,26.57,0.372,0.303,2,1,1
Tech,47.1,11.76,35.0,2616.0,7.48,0.541,0.604,4,1,0
Pharma,57.3,7.85,72.0,50002.0,5.19,0.171,0.611,5,3,1
Mining,42.7,12.75,33.0,6510.0,29.56,0.176,0.696,5,3,0
Pharma,71.8,10.63,8.0,1823.0,-16.47,0.427,0.494,6,1,0
Finance,55.0,11.37,52.0,351.0,-14.28,0.326,0.535,7,2,0
Energy,54.9,12.93,9.0,5382.0,-19.24,0.306,0.378,6,1,0
Consumer,50.1,7.78,103.0,10342.0,10.59,0.135,0.256,4,3,0
Mining,57.3,9.93,47.0,1156.0,7.5,0.403,0.434,10,1,1
Energy,67.4,8.94,9.0,4614.0,28.14,0.392,0.364,7,1,1
Mining,42.0,6.86,164.0,1728.0,8.65,0.498,0.651,5,2,1
Utilities,45.1,10.69,37.0,2262.0,-1.06,0.41,0.522,2,2,0
Utilities,50.4,15.02,4.0,71.0,5.03,0.38,0.519,5,1,1
Industrial,34.8,6.32,49.0,2137.0,6.77,0.577,0.452,4,2,0
Utilities,42.7,9.94,15.0,12760.0,-20.08,0.203,0.2,3,0,0
Pharma,47.9,11.28,81.0,1156.0,45.65,0.48,0.826,2,1,0
Utilities,68.1,10.25,85.0,3225.0,12.8,0.149,0.45,2,3,0
Tech,58.9,9.77,193.0,959.0,8.15,0.274,0.538,6,3,1
Consumer,57.9,7.4,35.0,5119.0,14.23,0.218,0.382,12,1,0
Pharma,67.8,10.47,30.0,2154.0,15.64,0.517,0.746,7,1,0
Energy,52.9,8.49,70.0,729.0,2.89,0.39,0.622,1,1,0
Industrial,60.9,5.62,7.0,22001.0,-4.47,0.398,0.476,8,2,0
Industrial,53.5,12.39,40.0,12009.0,13.99,0.234,0.541,4,2,0
Industrial,59.0,11.92,40.0,1203.0,10.79,0.355,0.852,3,3,0
Energy,46.3,10.1,5.0,6290.0,-7.15,0.285,0.589,10,1,0
Energy,18.4,10.46,27.0,6675.0,26.29,0.458,0.573,2,1,1
Energy,53.0,12.15,96.0,7812.0,9.4,0.251,0.459,7,2,0
Energy,76.3,10.45,97.0,235.0,15.95,0.599,0.316,3,0,0
Industrial,68.9,11.81,5.0,13493.0,25.88,0.149,0.576,5,1,1
Industrial,69.5,9.41,5.0,1268.0,5.33,0.279,0.649,5,5,0
Mining,73.5,12.62,15.0,1743.0,9.75,0.652,0.765,9,1,0
Pharma,56.3,10.64,104.0,155877.0,17.15,0.335,0.263,2,4,0
Consumer,58.0,10.39,7.0,4688.0,-5.87,0.203,0.431,7,1,1
Utilities,45.7,7.46,64.0,1670.0,5.81,0.433,0.513,5,2,0
Utilities,50.3,10.57,5.0,109.0,6.88,0.329,0.599,6,2,1
Tech,64.2,8.34,49.0,23972.0,-9.34,0.275,0.578,4,2,0
Industrial,73.1,8.72,22.0,396.0,39.76,0.236,0.582,5,3,1
